,位置,次数
0,恒骏花园,21
1,新市花园一期,5
2,云山诗意,16
3,梅宾东公安宿舍,11
4,广信白兰花园,11
5,侨德花园,17
6,合益小区,18
7,怡新花园,18
8,景富明珠,1
9,金碧雅苑,28
10,广信金兰花园,4
11,景泰新村,43
12,新市花园二区,4
13,时代花生Ⅱ,4
14,时代花园,13
15,松涛北苑,16
16,越秀星汇云城,2
17,新市花园一区,15
18,怡富尚苑,6
19,圣地天河星荟,5
20,云裳丽影,10
21,南湖半山东苑,27
22,金满家园,8
23,星汇金沙花园,6
24,倚绿山庄,23
25,金碧新城,46
26,紫薇花园,17
27,金域蓝湾,24
28,又一居花园,13
29,隆康花园,5
30,佳地新都,9
31,榕溪花园,7
32,白云高尔夫花园东区,17
33,保利西子湾,2
34,御金沙,8
35,御景花园,4
36,岭南新世界,24
37,富力桃园,34
38,富和花园,6
39,康雅花园,18
40,富力阳光美居,18
41,雅居乐南湖半岛花园,22
42,时代玫瑰园,28
43,远景新苑,8
44,广园云苑新村,30
45,银通花园,4
46,瑞晖花园,7
47,同和教工宿舍,2
48,祥景花园AC区,25
49,富力半岛花园,22
50,丽康居,13
51,保利春天里,10
52,颐和上院二期,1
53,金湖雅苑,21
54,广信春兰花园,22
55,汇侨新城北区,32
56,晓翠苑,15
57,海德花园,4
58,白云畔山花园圣地摩坊,4
59,竹韵山庄,3
60,万科蓝山,27
61,一品湖山,25
62,白天鹅花园,18
63,体育花园,8
64,君华香柏广场,13
65,百荣园,11
66,云山熹景,6
67,擎山苑,12
68,汇侨新城南区,53
69,紫薇苑,5
70,西城苑,7
71,明月金岸花园,11
72,深业江悦湾,7
73,合益街31号大院,2
74,润祥大厦,4
75,保利西海岸汇海花园,17
76,富力城南区,19
77,贝丽花园,9
78,水警宿舍,4
79,岭南新世界锦云峰,4
80,天河御品,10
81,保利江岸花园,6
82,云山锦绣家园,4
83,万科爱地住宅区,5
84,保利西海岸星海花园,12
85,春庭花园,14
86,南航新村,11
87,白云高尔夫花园荷塘月色,17
88,同和云苑新村,10
89,白云明珠广场,10
90,粮油宿舍,3
91,文化局宿舍(白云区),3
92,白云家园,6
93,祥景花园雍翠园,15
94,翠逸家园,10
95,山水庭苑,29
96,松柏新村,4
97,汇侨新城东区,22
98,香江苑,2
99,泽德花苑,28
100,同德花园同景苑,17
101,乐得花园,21
102,电视台宿舍,7
103,利都大厦,11
104,大金钟横路云泉居,2
105,富景居(白云),2
106,新兴白云花园,21
107,合一国际,13
108,云山居,17
109,岭南花园,5
110,恒大绿洲花园,8
111,三元里大道,9
112,华兴苑,1
113,松溪花园,3
114,云涛花园,7
115,城西花园,12
116,松洲花园,4
117,东湖映月,30
118,金满花园,8
119,富林居,1
120,京溪尚苑,10
121,骏御华庭,1
122,远景翠苑,3
123,交电新村,1
124,云东花园,14
125,农业局宿舍,1
126,公路局宿舍,3
127,中海金沙馨园二期,2
128,金德苑,6
129,新世界嘉云府,9
130,云天翠庭,8
131,白云尚城,5
132,金泉山庄,6
133,富力碧涛湾,2
134,君立国际公寓,3
135,华发四季名苑,3
136,耀华国际,1
137,中意花苑,12
138,上步花园,14
139,枫溪苑,3
140,云景花园云枫苑,3
141,云景花园云景名都,1
142,万方园,9
143,白云雅苑,9
144,集贤苑,6
145,阳光花园,9
146,康盈雅园,3
147,星汇晴轩,1
148,飞鹅新村,4
149,槎龙公安宿舍,6
150,金亿皮具城,1
151,得宝花园,5
152,金菊苑,1
153,梅园大厦,14
154,依云小镇,8
155,云景花园云景苑,6
156,白云高尔夫花园西区,9
157,南湖半山豪庭,3
158,白云堡豪苑,1
159,元邦航空家园,19
160,荔苑公寓,10
161,旧云东小区,7
162,纵横缤城,7
163,保利白云山庄,6
164,云东小区,22
165,春晖闲庭,6
166,怡桂苑,4
167,白沙新村,10
168,顺丰翠园,4
169,机场路,6
170,紫竹苑(同德围),12
171,荔雅苑,5
172,白云山制药厂后山宿舍,3
173,侨爱苑,9
174,怡心苑,5
175,晓景苑,9
176,汇怡苑,4
177,电台宿舍,5
178,御鹿华轩,8
179,梅苑小区,14
180,托斯卡纳(白云区),13
181,流溪半岛,9
182,云景花园云桦苑,4
183,万科o境,3
184,卡布奇诺,8
185,黄石花园,20
186,金桂园,11
187,白云交警宿舍,1
188,积德花园,19
189,祥兴楼,2
190,云映阁,1
191,富力城北区,7
192,盈翠华庭,3
193,太和苑,3
194,民航小区南云西街,2
195,星汇金沙雅筑,6
196,百事佳新村A区,7
197,京溪竹园小区,3
198,腾龙阁,10
199,御金沙澜山,4
200,同德花园同雅苑,11
201,嘉景园,14
202,颐和山庄,6
203,御鹿华轩山畔雍庭,4
204,百信广场,5
205,富业苑云岭雅筑,1
206,紫来居,3
207,心谊路派出所宿舍,2
208,嘉利苑,2
209,锦翠苑(金钟横路),8
210,云泉居,4
211,云顶花园,2
212,永泰新村,3
213,颐和高尔夫庄园,1
214,景云居,1
215,景安街公安宿舍,3
216,云苑大厦,4
217,白云畔山花园,11
218,康盈阁,6
219,圣雅堡,6
220,黄石小区,3
221,金景大厦,2
222,田心花园,15
223,龙景楼,3
224,京溪公安宿舍,5
225,盈富居,2
226,镇泰楼,1
227,白云骏景家园,3
228,白云商业中心,1
229,新市广场,1
230,富德居,2
231,成丰大厦,6
232,云熙雅苑,3
233,馨雅居,5
234,金钟横路,1
235,心谊交警宿舍,4
236,金迪城市花园,18
237,祥华阁,1
238,同和路,1
239,万科云山花园,11
240,金湖花园,7
241,白云山制药厂前山宿舍,8
242,美景苑,5
243,祥景花园B区,2
244,穗和名庭,1
245,新天半山墅,5
246,白云花园,7
247,云西小区,5
248,云和花园,4
249,中海云麓公馆,5
250,农工商宿舍,1
251,南航明珠雅苑,2
252,戒毒所宿舍,2
253,东方明珠花园,2
254,富悦花苑,3
255,祥港花园,5
256,云山雅苑,6
257,保利西海岸瀚海花园,3
258,颐和上院一期,1
259,中海金沙馨园一期,7
260,佳兆业天御,3
261,雅骏花园,3
262,江南世家,3
263,汇雅花园,12
264,翠福居,1
265,和馨雅居,4
266,合益街2-14号大院,3
267,尚境雅筑,3
268,中人宿舍,1
269,隆泰逸品君庭,2
270,黄石大厦,6
271,岭南新世界映悦园,3
272,百事佳新村B区,5
273,新景花苑,5
274,机安宿舍,4
275,天德花园,1
276,白云花园白云大厦,8
277,飞鹅西路,3
278,聚景雅居,2
279,云景花园云桂苑,4
280,顺景花园,4
281,民航小区绿化小区,2
282,嘉华苑,7
283,银德大厦,3
284,方@,3
285,富多来花园一区,1
286,宏航苑,7
287,翠庭雅轩,2
288,发改委宿舍,4
289,兴安街31至39号大院,2
290,同逸苑,3
291,百顺台花园,6
292,保利珑熙,1
293,恒德苑,10
294,锦翠苑(增槎路),1
295,升平楼,5
296,嘉德苑,2
297,飞行小区,1
298,朗骏苑,2
299,紫荆花园,6
300,佳丽轩,1
301,景泰花园,3
302,景松苑,4
303,银苑大厦(白云),5
304,增槎路,1
305,华乐药厂干部楼,2
306,白云大道南,1
307,宜福阁,3
308,春鸿居,3
309,天元大厦,1
310,云霄楼,1
311,景泰名苑,3
312,吉兴大厦,9
313,京华雅居,6
314,广顺花园,2
315,云信小区,2
316,广花四路,1
317,民航小区云霄街,3
318,同德同盈,1
319,晋福阁,1
320,三元里大道中医院宿舍,4
321,福临大厦,6
322,云逸苑,4
323,景云路,1
324,司法院宿舍,3
325,佳润云凯雅寓,2
326,敏捷科创中心,3
327,南洋电器厂宿舍,1
328,政通路(白云),1
329,佳星楼,4
330,嘉柏居,2
331,花季小区,5
332,民航小区向云西街,1
333,松北公安宿舍,1
334,穗云苑,2
335,大金钟公安宿舍,2
336,广东美术馆宿舍,3
337,远景工商局宿舍,2
338,绿地时代云都汇,1
339,正升雅境,4
340,松南小区,1
341,广花五路,1
342,清华居,1
343,大金钟路,1
344,汇侨新苑,2
345,梅园新居,4
346,花园酒店宿舍,2
347,都市品格,1
348,雅怡花园,5
349,大基路公安宿舍,1
350,习智居,1
351,华园新村,3
352,新市大马路15号大院,1
353,广园中路,1
354,上步公安宿舍,3
355,诚德大厦,1
356,岗贝公安宿舍,2
357,春暖花园,2
358,岭南雅院,3
359,广州市第三机床厂宿舍,1
360,客车厂宿舍,1
361,华德大厦,1
362,竹园小区(白云),1
363,云翠轩,3
364,白云万达广场,1
365,粤溪苑,3
366,外语外贸学院,2
367,松云雅苑,1
368,民航小区康寿街,1
369,锦满楼,2
370,松北水厂宿舍,2
371,建南大厦,2
372,翠景园,1
373,潭村医药公司宿舍,4
374,恒丰花园,2
375,海云大厦,1
376,农信社大厦,2
377,新新花园,2
378,半导体器件厂宿舍,4
379,棠岗楼,2
380,佳晟楼,1
381,民航小区利民北街,2
382,明德苑,1
383,环卫宿舍,2
384,广州市司法学校黄边校区,1
385,田美居,1
386,春晖苑(白云),2
387,利源大厦,1
388,石井少管所,1
389,梅花园宾馆宿舍,1
390,交安大楼,1
391,新达路,1
392,汇美苑,2
393,聚芳园,1
394,石井大厦,2
395,桂花路,1
396,汇祥苑,2
397,金印大厦,3
398,广州大道北,1
399,嘉怡园,1
400,恒大御府,2
401,劳教所大院,2
402,玻璃厂宿舍,3
403,心谊路园林局宿舍,1
404,齐富阁,1
405,东方夏湾拿,17
406,雅居乐小院流溪,26
407,人盛巴厘天地,80
408,逸泉山庄,24
409,星汇峰,21
410,流溪河山庄,3
411,大城云山,74
412,珠江壹城,18
413,珠光山水御苑,17
414,方圆明月山溪,33
415,紫泉翠荔嘉园,39
416,珠光流溪御景,7
417,华标荔苑,18
418,上城湾畔东区,6
419,星河绿洲,6
420,从化怡景楼,4
421,名城御景绿洲,4
422,御景宏雅花园,2
423,富力泉天下,50
424,利泰花林湖畔,16
425,君源御湖城,17
426,荔山雅筑,4
427,托斯卡纳(从化区),2
428,太平东路,1
429,宏诚海岸花园,1
430,玫瑰@,1
431,雅居乐滨江花园,4
432,逸泉映翠,18
433,爱尚流溪,8
434,上城湾畔B区,12
435,珠光御景山水城,1
436,汉中紫薇苑,1
437,云星钱隆天誉,9
438,太平中学教师楼,1
439,东成路,1
440,侨宏花园,4
441,荔林春晓,3
442,宏诚海峰花园,2
443,回归路小区,4
444,广东动漫城,4
445,月湾,1
446,从化商贸城,1
447,紫泉流溪湾,14
448,宏润巴塞阳光,2
449,夏日港湾,3
450,新光百德广场,3
451,丰盈雅居,3
452,人盛大厦,1
453,雍禾苑,3
454,新时代家园,1
455,居礼润园,1
456,时代名苑,1
457,流溪河森林公园二街,1
458,欣荣宏国际商贸城,4
459,康乐东路,1
460,俊嘉汇绿名居,2
461,景业荔都,1
462,翰林国际,1
463,关围新村,1
464,内街一巷,1
465,蜜糖苑,1
466,骏逸湖畔花苑,1
467,雅郡花园,4
468,穗花新村,9
469,亿海湾,3
470,富基广场,16
471,新理想华庭,2
472,嘉仕花园东区,15
473,宝岗大道,5
474,金碧湾,6
475,顺景雅苑,7
476,金丰花园,8
477,海琴湾,5
478,海逸花园,7
479,珠光高派华庭,5
480,富景花园,6
481,双子星城,13
482,沥蚬安宿舍,6
483,罗马家园,5
484,南洲花苑C区,8
485,瑞宝花园,9
486,琴海居,6
487,东华星域,4
488,赤岗三街2至28号小区,3
489,聚德花园,27
490,森语星园,16
491,明珠东苑,2
492,金碧花园第三金碧,20
493,珠江御景湾,6
494,万华花园,14
495,金碧花园第二金碧,30
496,金碧花园第一金碧,36
497,绿茵翠庭,5
498,雅景苑,7
499,金影花园,16
500,仲恺路,1
501,穗发花园,13
502,信步闲庭,7
503,珠江广场,6
504,康怡花苑,5
505,泓景花园,1
506,滨江新城市花园,4
507,富力现代广场,1
508,晓港湾,68
509,愉景南苑,3
510,江南西路,14
511,五一新村,3
512,南方花园,1
513,荔海鸣蝉花园,5
514,金盛大厦,5
515,坚真花园,6
516,南村路,7
517,珠江帝景苑合生紫龙府,4
518,海天花苑,8
519,海富花园,3
520,君华江畔豪园,3
521,愉景雅苑,8
522,柏蕙花园,5
523,时代廊桥,9
524,蓝色康园,11
525,信和广场,9
526,江南苑,7
527,南翠苑,7
528,六中教师宿舍,1
529,乐居苑,4
530,合生广场,9
531,丰盈居,6
532,万科派,9
533,翠城花园,5
534,怡雅苑(海珠),13
535,保利花园,28
536,英豪花园,26
537,杏坛小区,1
538,保利红棉花园,22
539,雅郡花园会展新世界水蓝郡,1
540,兰亭御园,5
541,晓园新村晓园新,7
542,金雅苑,8
543,金穗东苑,2
544,宏宇广场,12
545,润田雅苑,2
546,前进路(海珠),24
547,沙园,13
548,凤阳小区,9
549,天汇大厦,8
550,兰亭颖园,5
551,海外花园,3
552,鸿富大厦,1
553,世纪云顶雅苑,4
554,红十字会医院宿舍牛奶厂街1号大院,2
555,叠彩园,2
556,尚东峰景,4
557,侨诚花园,42
558,米兰苑,7
559,恒龙苑,5
560,珠影大院,5
561,鹭苑公寓,1
562,万丰花园,4
563,帝景华苑,1
564,光大花园榕景四季,3
565,江南新苑,9
566,南珠广场,8
567,柏涛雅苑,3
568,中海橡园国际,7
569,翔韵雅居,3
570,晓港东一马路,7
571,天立俊园,1
572,杏园小区,2
573,光大花园,6
574,洪德雅苑,1
575,一方雅居,1
576,畔江花园,1
577,赤岗一街大院赤岗一街,8
578,海洋雅苑,11
579,翠馨华庭,18
580,嘉仕花园西区,10
581,嘉丽苑,10
582,源海御苑,8
583,珠江大家庭花园,3
584,万科金域华庭,6
585,远洋宿舍,8
586,南景园,4
587,珠江帝景苑,14
588,碧蓝映居,3
589,新港西路143号大院,2
590,爱都铭轩,7
591,海印南苑,6
592,嘉鸿花园,6
593,大江苑南贤大街,10
594,德盛苑,6
595,粤信广场,5
596,保利百合花园二期,4
597,凤乐雅轩,5
598,尚领时代,8
599,逸景翠园,11
600,新港东路80号大院,2
601,海康小区,2
602,雅致花园,7
603,富泽园,6
604,锦丽居,11
605,纵横国际公寓,7
606,丽景花苑,9
607,大学印象,1
608,华乐苑,3
609,鸣翠花园,2
610,大江苑大江冲,3
611,影城花园,7
612,新怡苑,2
613,富力千禧花园,7
614,敦和花园,4
615,好信广场,3
616,丽景湾,3
617,滨江瑞城,11
618,心江南,4
619,中海联同福睿府,4
620,富力银禧花园,5
621,逸品台,2
622,凤安花园,12
623,建雅居,2
624,晓燕湾,8
625,粤信广场阳光公寓,1
626,龙景大厦,3
627,怡乐花园,1
628,盈丰华轩,4
629,荟翠苑,7
630,中海名都,8
631,芳草轩,2
632,印象琶洲公寓,1
633,锦骏华庭,6
634,汇美南苑,1
635,海洋研究所宿舍,1
636,凤凰新村,12
637,元邦明月园,2
638,滨江水恋,3
639,中信乐涛苑,2
640,天海庭,5
641,星海明珠,2
642,南晓苑,7
643,兰亭熙园,2
644,江南雅居,11
645,晓港雅筑,3
646,华保花园,4
647,南方花园二期合生帝景国际,3
648,珠江新岸公寓,10
649,鸿运花园,6
650,保利百合花园,3
651,东翠花园金麟台,3
652,南燕苑,3
653,星御翠园,5
654,新鸿花园一期,2
655,大展雅苑,2
656,益鹏翠苑,8
657,富力顺意花园,3
658,保利丰花园,19
659,富力尚溢居,2
660,同福中路,4
661,加怡花园,7
662,广东教育学院,2
663,顺华名庭,6
664,鸿荣阁,3
665,华怡花园,6
666,南洲名苑,6
667,可逸名庭,1
668,江燕花园,2
669,侨诚花园宝通街,9
670,南园居,2
671,嘉鸿花园金玫瑰苑,8
672,翠怡小区,11
673,海意名苑,11
674,玫瑰园,7
675,江南花园,14
676,广东轻工学院宿舍,2
677,工业大道中,4
678,金乐大厦,1
679,松园大厦(海珠区),2
680,基立北街四航局宿舍,2
681,穗南大厦,8
682,侨宏大厦,7
683,纺织路(海珠),1
684,骏和大厦,1
685,海珠花园,5
686,金昌大厦,1
687,基立大厦,6
688,中广大厦,9
689,毛纺小区,1
690,东晓苑,2
691,聚雅苑,1
692,昌盛小区,5
693,广州海监局职工宿舍,1
694,万松园,4
695,光大花园中海锦榕湾,3
696,经典居,2
697,可逸豪苑,7
698,好景花园,4
699,官洲北苑,2
700,大塘公安宿舍,3
701,东银广场,4
702,晓港东马路,2
703,沙园大厦,3
704,怡龙苑,4
705,晓港花苑,6
706,信达阳光海岸,1
707,万寿路,2
708,怡安花园,5
709,新安大厦,2
710,新世界大厦,3
711,保利天悦花园,6
712,穗龙花园,1
713,龙华苑,1
714,江南大道中,12
715,粤安大厦,4
716,润汇大厦,3
717,基立新村,6
718,力迅时光里,5
719,中信君庭,1
720,江景苑,13
721,素社新村,11
722,南洲花苑公安宿舍,4
723,侨雅苑(海珠区),3
724,海城花苑,9
725,红十字会医院宿舍同福上街,1
726,泰怡苑,1
727,警官学院,2
728,新港东路,1
729,橡胶新村远洋宿舍,1
730,弘基广场,7
731,东翠花园,3
732,动感华庭,7
733,明都华庭泊岸森邻,7
734,福景居,4
735,高雅湾,3
736,晓园新村晓园北,2
737,昌岗中路,4
738,嘉银华庭,1
739,富力金禧花园,5
740,朗晴居二期,6
741,宝岗大厦,7
742,金豪嘉苑,6
743,城市职业学院教工宿舍,1
744,海悦大厦,6
745,万寿雅苑,7
746,革新路,3
747,明晖苑,5
748,景致花园,1
749,中海锦苑,2
750,可逸锦苑,1
751,荟翠楼,4
752,草芳苑,4
753,晓港中公安宿舍,1
754,昌岗东电信大厦,7
755,洪德路,3
756,南华花园,6
757,汇源小区(海珠区),4
758,海琴湾宜利苑,4
759,滨江西路,1
760,罗马家园龙禧,1
761,金海湾花园,1
762,海景阁,3
763,华标品峰台,1
764,天鹅湾,3
765,保利康桥,1
766,紫丹阁,7
767,南华东路,2
768,昌龙苑,2
769,南洲花苑AB区,31
770,大江苑夏沙巷,2
771,合生颐景华苑,4
772,晓港中马路,1
773,赤岗苑,5
774,江丽苑(海珠区),2
775,宝岗路,3
776,金穗雅园,6
777,天誉半岛花园,1
778,荟贤大厦,1
779,榕苑,3
780,自由心岸,3
781,江南美景花园,8
782,可逸家园,8
783,佳兆业君汇上品,1
784,南康阁,2
785,光大花园榕岸,3
786,豪丰园,4
787,南村水产大院,2
788,益丰花园,7
789,紫光苑,1
790,海天大厦,3
791,汇美景台,1
792,江湾花苑,6
793,新港西路158号大院,2
794,汇龙居,3
795,明珠花园(海珠区),8
796,滨江东路549号大院,1
797,明星楼,1
798,南北广场,9
799,南箕花苑,6
800,新鸿花园二期,1
801,洪德居,2
802,星群药业宿舍,5
803,仲恺农业工程学院教工宿舍,3
804,港务局宿舍,1
805,南丰阁,2
806,滨江中路,4
807,南华西大厦,3
808,德怡居,7
809,远锋大厦,4
810,保利世界贸易中心,3
811,海珠干警小区,3
812,嘉汇华庭,1
813,鸿新苑,3
814,财智大厦,1
815,明源楼,2
816,荔福路,7
817,江怡路,5
818,丽海雅居,1
819,聚龙花园,8
820,缝纫机厂宿舍,6
821,江南翠菊园,4
822,晓南花园,4
823,中山大学宿舍,6
824,悦安花园,2
825,怡乐路,3
826,宝怡阁,3
827,蝶翠新居,1
828,敦和路武警宿舍,4
829,同乐大厦,3
830,鸿辉阁,1
831,梅园南路,1
832,东晓花苑,1
833,金溪大厦,2
834,华标涛景湾,2
835,赤岗西路,1
836,和平家园,4
837,倚江楼,2
838,金沙花园(海珠区),3
839,金笔厂宿舍,1
840,怡雅居,7
841,海傍居,2
842,银珠苑,3
843,海逸半岛,1
844,绿地滨江汇,6
845,敦和商务公寓,2
846,和辉花园,11
847,中顺领御公馆,4
848,康泰花苑(海珠区),2
849,晓园新村晓园南,1
850,白云苑,2
851,赤岗综合楼,3
852,群星苑,1
853,民泰阁,2
854,赤岗路89号大院,1
855,聚宝阁,5
856,荔福花园,3
857,晓安花园,1
858,荣校大院,1
859,海韵轩,1
860,南华西路,2
861,广发新村,1
862,晓港东二马路,1
863,南洲花苑东区,5
864,新蛘蛘府宿舍,1
865,怡景湾,2
866,中港四航局宿舍,2
867,汇俊园,2
868,新雅苑,3
869,新港西路151号大院,4
870,听涛雅苑,6
871,滨江东路(海珠),1
872,灏景阁,3
873,卫生局宿舍(海珠区),1
874,龙祥大厦,2
875,祈乐苑,7
876,达镖国际中心,1
877,银业国际公寓,3
878,金星花园,2
879,建基路电信大厦,1
880,瑞康路,1
881,南边路(海珠区),2
882,梅园阁,2
883,客村苑,1
884,翠园,2
885,名粤广场,5
886,轻工手表厂宿舍,2
887,石岗路,1
888,竹园小区(海珠),2
889,复兴大马路,1
890,宏宇广场罗马假日,4
891,广东省技术监督局宿舍,1
892,工业大道中福南新街,1
893,佳信花园,1
894,新港西路166号大院,1
895,雅林居,1
896,同福西路,1
897,丽林景苑,2
898,工业大道南421号大院,1
899,鹅潭明珠苑,3
900,汇源楼,2
901,民政宿舍,2
902,荔鑫居,2
903,翠丽苑,1
904,同福东路田心坊,2
905,上渡路电信宿舍,1
906,丽园雅庭,2
907,岭南小区,2
908,东晓大厦,1
909,康隆苑,2
910,晓港西马路,3
911,金汇花园,3
912,中山二院南院宿舍,1
913,南洲大厦,1
914,富力朗逸轩,2
915,万翠苑,3
916,银威花园,3
917,蓝色快线,1
918,同福东路,1
919,江南大道北,2
920,朗晴居一期,3
921,椰诚苑,3
922,丽水庭园,1
923,广船宿舍,1
924,富荣新村,2
925,翠屏中惠雅苑,2
926,滨江1933,3
927,益兆明珠,2
928,南晖苑,3
929,花城湾畔,2
930,工业大道北,1
931,基建新村,2
932,商学院宿舍,1
933,世港花园,1
934,宝业路,1
935,南石路,2
936,细岗东区,1
937,海珠半岛花园,1
938,银山尚橙,1
939,客村花园,2
940,祥庆花园,1
941,民政学校宿舍,2
942,荣馨阁,2
943,福怡居,1
944,省化工学校教工宿舍楼,1
945,保利海棠花园,1
946,新港西路147号大院,1
947,泰沙路,3
948,恒洲小苑,1
949,广纸小区,1
950,瑞康大厦,3
951,丽影华庭A区,1
952,晓怡居,1
953,晓园花园,1
954,邓岗小区,2
955,赤岗路,1
956,细岗路,1
957,邦泰国际公寓,4
958,晓园新村晓园东,2
959,赤岗路1号大院,2
960,鸿福大厦,3
961,晓园居,2
962,萝岗干休所,1
963,恒鑫东和湾,1
964,迎祥坊12号,1
965,船舶厂宿舍,1
966,凤阳苑,1
967,逸翠居,1
968,悦晖楼,2
969,礼岗路,1
970,环卫局宿舍,2
971,福雅居,1
972,江南大道南水厂宿舍,2
973,鹭江富华楼,1
974,鼎信四季花园,5
975,城央御景,18
976,富银路,1
977,保利城花园,6
978,保利高尔夫郡,20
979,雅宝新城亚瑟公馆,12
980,南航花园,17
981,雅居乐锦城花漾集,26
982,友田翡翠华庭,1
983,学府南苑,20
984,雅居乐雍华廷一期,10
985,路劲隽悦豪庭一期,17
986,云港花园,7
987,金都花园,8
988,豪利花园,42
989,祈福都会花园,22
990,颐和盛世,21
991,富丽花园,12
992,尚品雅居领秀,7
993,凯旋国际,9
994,云珠花园,5
995,广州融创文旅城A2区,8
996,银雅轩,2
997,保利花城花园,7
998,天马丽苑二期,56
999,朗悦君廷,10
1000,骏怡居,1
1001,富力金港城东区,64
1002,祈福辉煌台,64
1003,万科天景花园,35
1004,天湖峰境,14
1005,祈福万景峰祈福天龙苑,40
1006,紫薇丽都,5
1007,雅居乐锦城花锦集,5
1008,翠华花园,10
1009,好美嘉园,5
1010,雅居乐御宾府,10
1011,新都城市花园,3
1012,金碧御水山庄,23
1013,天马河壹号三期御景湾,3
1014,骏威锦东花园C区,4
1015,美林轩逸时光,11
1016,元邦山清水秀,1
1017,逸泉韵翠花园,15
1018,锦鹏苑,1
1019,云山雅轩,2
1020,新鸿基御华园,14
1021,玖珑湖悦源庄,1
1022,芙蓉春晓,17
1023,锦尚名苑,5
1024,天马河壹号一期,11
1025,碧泰豪苑,19
1026,嘉逸华庭,12
1027,天马河壹号五期,13
1028,30号小区,1
1029,商业大道,8
1030,建设北路,4
1031,金鹏花园,4
1032,嘉信华庭,5
1033,广州融创文旅城A1区,11
1034,云峰学府花园,15
1035,雅宝新城英伦世家,7
1036,祈福万景峰,11
1037,合和新城,27
1038,广州融创文旅城B1区,5
1039,航都花园,10
1040,天马河国际公馆,10
1041,保利城花园塞汶西街,4
1042,星缘美居,11
1043,雅居乐雍华廷二期,13
1044,广州融创文旅城A3区,4
1045,雅居乐锦城花语集,8
1046,富力金港城北区,35
1047,天马河壹号二期帝景湾,6
1048,永大新城,13
1049,大运家园,16
1050,自由人花园,11
1051,南华时代城,54
1052,碧桂园空港国际,7
1053,翠华绿茵苑,11
1054,碧桂园假日半岛映翠苑,2
1055,俊怡云山御居,11
1056,花都雅景苑,1
1057,嘉汇城二期,7
1058,美力花园,5
1059,智烨山水豪庭,18
1060,勤天一品树院,9
1061,凯旋门,18
1062,雅宝新城雅宝名居,10
1063,福虹阳光美地,5
1064,嘉汇城一期,21
1065,中房观湖国际,11
1066,玖珑湖悦沐庄,4
1067,雅居乐锦城花冠集,23
1068,银菊花小区,6
1069,绿地新里缇香公馆,18
1070,百合雅居,8
1071,云峰花园4期,9
1072,雅居乐雍逸豪庭,8
1073,花都银燕大厦,6
1074,东成苑,1
1075,骏威锦东花园B区,5
1076,颐景阁小区,1
1077,锦尚蓬莱苑,8
1078,万虹花园,12
1079,深航御花园,3
1080,友田茗轩,1
1081,雅宝新城名门世家,7
1082,百合豪园,9
1083,天马河壹号四期,8
1084,俊怡御景花园,6
1085,路劲隽悦豪庭二期三期,17
1086,朗庭雅居,2
1087,美力百富雅苑,4
1088,宝铼雅居,42
1089,骏威广场,13
1090,银星花园,6
1091,广州融创文旅城商务公寓,7
1092,馨庭花园,7
1093,狮峰上街日杂楼,1
1094,金联市场,2
1095,水木箐华,1
1096,富力金港城南区,17
1097,雅图花园,6
1098,祈福生活无限,25
1099,美域华庭,3
1100,雅居乐・岭会,3
1101,金穗华庭,1
1102,在水一方,1
1103,杏林花园,5
1104,鸿都苑,1
1105,馨泉居,2
1106,新景豪苑,2
1107,金融街花溪小镇,5
1108,时代美居,5
1109,雅宝新城,3
1110,雅豪苑,3
1111,广州融创文旅城B3区,1
1112,绿景苑,1
1113,桃花源,3
1114,隆晖苑,4
1115,名雅轩,3
1116,骏辉园,1
1117,花都紫薇花园,1
1118,花城苑,11
1119,景园小区,3
1120,半山茗苑,2
1121,金狮华庭,4
1122,溢盈湖畔别墅,1
1123,金色华庭,3
1124,艺景明苑,2
1125,芷兰苑,4
1126,马鞍山一号,1
1127,碧桂园假日半岛鸟语花香,1
1128,芙蓉绿茵豪苑,2
1129,雅居乐万科热橙,7
1130,丽苑大厦(花都区),2
1131,永发大厦(花都),2
1132,胡忠大厦,3
1133,花城路,7
1134,天马河西岸,12
1135,华侨花园,1
1136,达明阁,5
1137,阳光雅居,8
1138,雅致苑,1
1139,美力盈彩花苑,5
1140,岭南公馆,6
1141,花都晓翠苑,3
1142,松园大道,2
1143,嘉都汇,3
1144,合和新城3期2区,3
1145,新华路,7
1146,花都颐和山庄,5
1147,松园小区,2
1148,馨泉花园,1
1149,裕兴新村,1
1150,粤富花园,1
1151,花都站前路,1
1152,荣翠轩,7
1153,尚品雅居花荟,3
1154,骏威锦东花园A区,13
1155,雅居乐锦城花间集,8
1156,顺景楼(花城路),1
1157,致岭假日花园,2
1158,富贵楼,1
1159,狮峰公馆,2
1160,美华新村,2
1161,华丽大厦,2
1162,嘉豪雅苑,3
1163,金华花园,3
1164,东悦雅苑,1
1165,豪逸名苑,1
1166,华天大厦,2
1167,湖畔花园,7
1168,怡翠苑,1
1169,永愉花园,2
1170,广发行小区,1
1171,东骏花园,2
1172,公园前路,2
1173,站前路,1
1174,德晖苑,2
1175,宏城大厦,1
1176,金城广场,2
1177,益登华庭,2
1178,新城市花园,2
1179,恒昌福邸,2
1180,南北商贸城,2
1181,广州铁道车辆厂生活区,2
1182,新中路,3
1183,幸福花苑,2
1184,嘉华世家,2
1185,丽景大厦,2
1186,骏豪雅苑,2
1187,朗逸居,1
1188,美力百富雅苑二期,3
1189,骏辉雅苑,1
1190,嘉爵园,1
1191,好美嘉园好美华庭,1
1192,东方文德森岛湖,1
1193,怡尚雅居,1
1194,全鸿花园,3
1195,名门国际,1
1196,豪利幸福里,2
1197,梅田矿务局小区,1
1198,泊岸君庭,1
1199,保利高尔夫郡水晶宫寓,1
1200,鸿雅轩,1
1201,新花苑小区,3
1202,书香庭,1
1203,花都紫荆苑,1
1204,建设路(花都区),1
1205,小城之春雅居,1
1206,育贤居,1
1207,狮峰花园,2
1208,花都颐和山庄A区,1
1209,怡康花园(花都),2
1210,公园前9号小区,1
1211,双赢如家公寓,2
1212,南华苑,1
1213,云峰花园2期,2
1214,大华二路,1
1215,华南路,4
1216,美景楼(建设北路),4
1217,荣威楼,1
1218,粤兴苑,2
1219,金河湾花园一期,1
1220,新源雅居,1
1221,狮城苑,1
1222,花都祥兴楼,1
1223,汇福楼,1
1224,东城花园,1
1225,侨苑小区(花都区),1
1226,花城悦翠园,2
1227,永发小区,1
1228,花都阳光家园,1
1229,阳光阁,1
1230,新都雅居,1
1231,华贵苑,1
1232,钻石豪园,1
1233,风神公社,1
1234,书苑楼,1
1235,森悦华庭,1
1236,红珠路,1
1237,花都祈乐苑,1
1238,摩登华雅轩,1
1239,龙光峰景华庭,62
1240,黄电新村,5
1241,保利越秀岭南林语,26
1242,悦涛雅苑,8
1243,万科金色梦想,28
1244,万科新里程,25
1245,中海誉城北苑,16
1246,怡园小区,23
1247,万科东荟城,41
1248,雅居乐富春山居,58
1249,越秀保利爱特城,11
1250,天虹花园,27
1251,金港花园,7
1252,石化生活区,20
1253,港湾五村,2
1254,万科城市花园,11
1255,金逸雅居,6
1256,怡港花园,12
1257,新世纪花苑,6
1258,保利林语山庄,21
1259,榕景园,4
1260,合景天峻广场,77
1261,金碧领秀国际,13
1262,实地常春藤,61
1263,珠江嘉园,64
1264,黄埔新村黄埔雅苑,4
1265,中鼎君和名城,4
1266,奥园春晓,12
1267,乙烯大院,9
1268,荔园小区,13
1269,万科幸福誉,1
1270,广州绿地城,12
1271,科城山庄峻森园,13
1272,富域尚品居,7
1273,宏康小筑,10
1274,中海誉城南苑,44
1275,金融街融穗御府,10
1276,乐苑小区,5
1277,大沙地东路,7
1278,金碧世纪花园,12
1279,萝岗敏捷广场,134
1280,宏康花园宏康和园,22
1281,金隆园,3
1282,信达大厦,7
1283,泰景花园,9
1284,时代春树里,25
1285,宏康花园二期康晖苑,4
1286,东城雅苑,11
1287,奥园香雪公馆,6
1288,鹤林苑,2
1289,保利香雪山花园,8
1290,宏康花园五期宏康东筑,10
1291,东澳广场,26
1292,万科里享家,24
1293,东港花园,8
1294,腾飞园中新里,12
1295,东苑小区,13
1296,海员路,1
1297,锦林山庄,23
1298,宏康花园一期,7
1299,万科城,18
1300,佳兆业城市广场,25
1301,万科山景城,19
1302,利丰大厦,5
1303,怡德苑(黄埔),5
1304,丰乐小区91号大院,2
1305,泰景花园东城华庭,7
1306,金丽园,1
1307,丰逸尚居,3
1308,富力悦禧花园,10
1309,保利学府里,2
1310,黄埔花园,10
1311,时代天韵,10
1312,科城山庄锦泽园,12
1313,越秀岭南山畔,6
1314,黄埔万科中心,94
1315,海关大院,7
1316,宝夏花园,3
1317,港湾路,6
1318,丰乐小区77号大院,1
1319,普晖村,11
1320,盛景大厦,2
1321,飞晟文汇,25
1322,海安小区,3
1323,宏康花园四期康慧苑,10
1324,青年路,2
1325,省电力一局,4
1326,骏鸿花园,4
1327,火电厂宿舍,5
1328,凯信东方华庭,6
1329,省工人医院小区,1
1330,水韵翔庭,1
1331,保税广场,4
1332,君合雅居,1
1333,宏康花园六期明悦居,1
1334,大壮国际广场,45
1335,锐丰中心,79
1336,尚品华庭,5
1337,银丰花园,11
1338,边检生活区,1
1339,科城山庄,7
1340,墩美小区,5
1341,解放村,1
1342,萝岗万达广场,107
1343,萝岗奥园广场,70
1344,东城国际大厦,19
1345,汇丽国际,9
1346,合景科汇金谷,43
1347,祥辉广场,9
1348,兴普紫园,6
1349,荔香花园,5
1350,黄埔新村一期,10
1351,龙光香悦山,5
1352,丽江花苑,2
1353,荔景园(黄埔区),4
1354,萝岗明珠广场,3
1355,宝穗花园,2
1356,雍翠雅园,3
1357,新港生活区,1
1358,文冲商贸大厦,2
1359,鸿森大厦,4
1360,中交港湾国际,13
1361,萝岗金晖苑,1
1362,黄船生活区,4
1363,三角楼,2
1364,冶炼厂宿舍,2
1365,金碧小区,5
1366,骏鸿苑,2
1367,蔚蓝大厦,2
1368,明汇轩,1
1369,丰乐小区111号大院,2
1370,保利罗兰国际,8
1371,新福港鼎峰,1
1372,省机施大院,1
1373,宏康花园三期建鑫苑,7
1374,悦时代花园心悦湾,1
1375,梅园小区一区,2
1376,宝能文化广场,9
1377,广州绿地中央广场,37
1378,峰湖御境,4
1379,万科尚城,2
1380,飞晟汇INFACE,8
1381,壹品EPark,13
1382,三村远洋宿舍,3
1383,珠冶小区,1
1384,越秀岭南雅筑,1
1385,万科城市之光,14
1386,文船生活区新东区,1
1387,文船生活区西区,2
1388,万科里享水韵,6
1389,文船生活区东区,2
1390,御湖名邸,2
1391,港监宿舍,1
1392,鸿中楼,2
1393,万科金色悦府,2
1394,新安苑,1
1395,珠岛花园,102
1396,保利塞纳维拉,32
1397,周门小区周门街,21
1398,丽和华庭,1
1399,保利公园九里,36
1400,新世界凯粤湾,33
1401,银建小区,3
1402,荔康大厦,2
1403,鸿图苑,23
1404,荔港南湾,66
1405,富力广场A区,1
1406,合兴苑,21
1407,花语水岸,18
1408,新世界逸彩庭园,44
1409,华发荔湾荟,10
1410,永安居,5
1411,中铁荔湾国际城,10
1412,世纪广场,14
1413,金兰苑,28
1414,西门口广场,3
1415,万科柏悦湾,36
1416,新丽苑,12
1417,万盛苑,9
1418,荔港南湾H区,14
1419,富力新居,24
1420,西关大厦,19
1421,芳村大道西,31
1422,荔江美筑,9
1423,新锦龙大厦,5
1424,周门小区周门西街,10
1425,富力环市西苑,17
1426,光复南路,1
1427,美荔心筑,7
1428,黄沙大道,7
1429,茶蚵饭安小区,8
1430,荔尚国际,9
1431,六二三路,2
1432,盛大蓝庭,5
1433,美荔尚筑,5
1434,芳村花园,17
1435,隆庆小区,7
1436,路劲隽泷湾,26
1437,广钢鹤平小区,9
1438,富力广场D区,9
1439,悦江上品苑,1
1440,荔景华庭,3
1441,丰隆轩,1
1442,万科金域华府,9
1443,和平南小区,8
1444,富力广场B区,7
1445,金道花园,37
1446,周门小区周门北路,11
1447,逢源大厦,2
1448,红棉苑南区,18
1449,西湾苑,4
1450,邦华星际广场一期,20
1451,花地河湾,14
1452,广船鹤园小区,7
1453,鹅潭湾,2
1454,元邦明月水岸,4
1455,西关海,8
1456,杨巷路,3
1457,金宇花园,26
1458,桥东小区,23
1459,融穗华府,2
1460,富力广场T区,10
1461,怡芳苑,15
1462,东浚荔景苑,15
1463,四季花园,14
1464,光复北路,12
1465,福盛花苑,6
1466,西华苑,7
1467,旭日大厦,7
1468,荔湾广场,25
1469,桃源社区,9
1470,富力盛悦居,6
1471,骏业阁,8
1472,珠光御景壹,4
1473,和平新村,4
1474,金达阁,2
1475,乐怡居,10
1476,芬芳小区,13
1477,恒宝华庭,11
1478,富力广场S区,4
1479,力诚汾水花园,1
1480,多宝华厦,6
1481,逢源路,4
1482,名汇商业大厦,4
1483,文昌雅居,1
1484,贵贤上品,10
1485,穗芳阁,4
1486,南源花园,9
1487,华福大厦,5
1488,康乃馨苑,13
1489,中海锦汇华庭（A区）,8
1490,远大芳华都汇,8
1491,蓬莱花园,9
1492,何济公大厦,2
1493,万科金色荔苑,2
1494,万科海上传奇,7
1495,富力君湖华庭,14
1496,兴东路,6
1497,丽安大厦,7
1498,恒利翠竹苑,5
1499,宝盛园,5
1500,富力唐宁花园,6
1501,荔京阁,1
1502,中山八路,4
1503,芳园居教师新村,11
1504,荷柳苑,6
1505,怡福花园,11
1506,芳华苑,4
1507,景晖苑(荔湾区),12
1508,环翠园,22
1509,金平大厦,4
1510,长乐花苑二期,12
1511,东鹏花园三期,5
1512,牡丹阁,3
1513,中山七路,12
1514,祥兴新村,6
1515,红棉苑北区,8
1516,西场电器城,8
1517,惠城花园,11
1518,富凯星堤,3
1519,沙涌新村,5
1520,幸福新村,7
1521,南岸路,10
1522,岭南湾畔,10
1523,龙锦大厦,6
1524,恒荔湾畔,5
1525,辉洋苑,3
1526,周门小区中兴苑,7
1527,金花小区,16
1528,龙津东路,18
1529,广雅居,7
1530,如意坊路,2
1531,越瑞大厦,1
1532,光复大厦,9
1533,润盛花苑,7
1534,龙津西路,5
1535,富邦大厦,5
1536,新光城市广场,9
1537,元邦明月星辉,13
1538,站前路(荔湾),13
1539,流花君庭,2
1540,逸翠湾,6
1541,城启十三行广场,5
1542,交易会宿舍(站前横路),8
1543,恒润阁,5
1544,兴东阁,5
1545,花地湾荷花苑,1
1546,华丽苑,5
1547,东鹏花园一期,4
1548,紫莱苑,6
1549,大同路(荔湾),4
1550,小康人家,3
1551,金鹤苑,13
1552,万和苑,5
1553,流花路,4
1554,兰兴苑,4
1555,彩虹大厦,6
1556,丛桂路,6
1557,花地城广场,7
1558,万兴苑（荔湾）,12
1559,芳华阁,10
1560,光复中路,3
1561,文昌花园,5
1562,园林局宿舍,4
1563,规划局宿舍,3
1564,荔湾路,5
1565,荔情居,8
1566,环市西路,10
1567,荔湖明苑,8
1568,文昌阁,4
1569,环市西路7号大院,3
1570,皇上皇大厦,3
1571,宏天楼,3
1572,司法大厦,7
1573,荔新大厦,5
1574,陈岗路2号大院,2
1575,加怡大厦,8
1576,多宝路,4
1577,裕兴苑,4
1578,港丰大厦,12
1579,万科金色康苑,2
1580,长寿东路,7
1581,芳雅苑,8
1582,芳泰花园,2
1583,汇鑫阁,3
1584,耀华社区存善北街,5
1585,文昌南路,7
1586,和乐大厦,1
1587,流花华侨新村,1
1588,中信苑,4
1589,金盈居,2
1590,祥泰楼,1
1591,汇城花园,7
1592,大鹏花园,8
1593,龙湾贰号,5
1594,安富花园,7
1595,广钢观鹤小区,2
1596,西湾东路,1
1597,五芳苑,3
1598,周门小区石路基,5
1599,华贵路,4
1600,培真路,1
1601,十八甫南路,1
1602,林业厅宿舍,1
1603,桥东大厦,4
1604,香料厂宿舍,4
1605,果品公司宿舍,2
1606,文昌北路,4
1607,文苑楼,4
1608,荔雅阁,4
1609,龙津大厦,3
1610,上九路,1
1611,华康居,5
1612,金花苑,4
1613,荣芳阁,2
1614,西湾路,4
1615,和平西路,2
1616,侨康大厦,5
1617,水磨厂宿舍,2
1618,隆城大厦,10
1619,湖景阁,2
1620,桥中花园,2
1621,周门小区周门南路,1
1622,十八甫路,2
1623,嘉茗华庭,9
1624,电业东村,2
1625,翠荷轩,3
1626,怡康苑,6
1627,府前阁,1
1628,蓬莱路,4
1629,宝源路,8
1630,鹤景楼,3
1631,流花路39号大院,1
1632,耀华社区和吉新街,1
1633,花蕾路,2
1634,芳景阁,1
1635,东鹏花园二期,4
1636,洞企石路,3
1637,文安花苑,1
1638,城启晴轩,4
1639,十三甫路14号大院,1
1640,粤电花园,7
1641,耀华社区存善正街,2
1642,荔怡中心,3
1643,龙湾广场,4
1644,周门小区党恩新街,4
1645,塞坝路,3
1646,带河路,1
1647,茶蛐麓,6
1648,光扬大厦,2
1649,泰兴苑,2
1650,卫生局宿舍(荔湾区),1
1651,浣花路浣南街,1
1652,金奴大厦,2
1653,幸福立方,5
1654,陈岗路,1
1655,郭村小区,6
1656,站前横路,3
1657,西增路,1
1658,誉品轩,8
1659,天侨阁,1
1660,龙湾小区,3
1661,龙泉居,1
1662,杉木栏路,1
1663,茂林苑,1
1664,市政东苑,2
1665,芳建宿舍,2
1666,丽馨庭,2
1667,茶蚵,1
1668,明桂苑,1
1669,荔湾大厦,2
1670,和平中路,1
1671,业丰花园,4
1672,合兴大厦,1
1673,维雅苑,2
1674,陈岗路16号大院,1
1675,电业大院,3
1676,保利西悦湾,2
1677,广啤雅苑,1
1678,芳村大道东,2
1679,丰年华庭,1
1680,荔湾雅居,3
1681,春蕾苑,3
1682,东安苑,2
1683,桥兴苑,2
1684,逢源轩,3
1685,宏新华庭,1
1686,乌石墩小区,1
1687,鹤洞路山顶,1
1688,环市西路美华后街,1
1689,区府宿舍,1
1690,市政宿舍,1
1691,园中园小区,4
1692,誉领轩,1
1693,中海锦御华庭（B区）,3
1694,西关尚品,2
1695,财富公馆,3
1696,金信大厦,1
1697,鹤洞路,1
1698,田间苑小区,1
1699,祥日苑,1
1700,龙津苑小区,2
1701,穗文大厦,1
1702,康王阁,3
1703,龙津商贸大厦,2
1704,云南大厦,1
1705,宝华路(荔湾),4
1706,如意阁,2
1707,耀华社区耀华三约,1
1708,人民中路,1
1709,新基下村,1
1710,东海北路,1
1711,金门大厦,2
1712,紫莱大厦,3
1713,鹤翎路,1
1714,厚福苑,1
1715,龙津花园,4
1716,品湖雅居,3
1717,电业北,1
1718,十八甫北路,3
1719,接龙里小区,1
1720,兴和阁,2
1721,和平东路,2
1722,广雅路,1
1723,龙津华府,1
1724,钢琴厂宿舍,2
1725,德兴路(荔湾),1
1726,南沙心意华庭,4
1727,万科府前一号,25
1728,龙光棕榈水岸南区,8
1729,丰庭花园,46
1730,龙光棕榈水岸北区,15
1731,南沙境界家园,69
1732,南沙碧桂园豪庭,34
1733,碧桂园天玺湾,67
1734,南沙万地雅涛阁,6
1735,南沙珠江湾,29
1736,凯德新h,48
1737,珠光南沙御景,21
1738,优山悦海,15
1739,南沙碧桂园,93
1740,越秀滨海隽城,35
1741,时代南湾,74
1742,海力花园,31
1743,广州时代云图,21
1744,越秀滨海B城,5
1745,明珠花园(南沙区),29
1746,叠翠峰,26
1747,南沙奥园,35
1748,中惠璧珑湾,4
1749,阳光城丽景湾,37
1750,南沙金茂湾,107
1751,越秀滨海悦城,11
1752,南沙保利城,18
1753,南沙万达广场,161
1754,万科南方公元,4
1755,逸涛半岛,3
1756,滨海半岛,7
1757,大岗翡翠蓝湾北区,17
1758,广晟海韵兰庭,49
1759,广州星河丹堤,17
1760,南沙湾东苑,23
1761,南沙滨海花园,8
1762,逸涛雅苑,17
1763,晴海岸,11
1764,南沙金湾,3
1765,豪晖大厦,2
1766,南沙翡翠公馆,3
1767,广隆苑,1
1768,创鸿嘉园,37
1769,南沙城,30
1770,荟翠雅苑,1
1771,海Z奥园,37
1772,星河盛世,3
1773,富力天海湾,42
1774,奥园金莎广场,15
1775,大岗绿庭雅苑二期,1
1776,大岗翡翠蓝湾西区,3
1777,碧桂园蜜柚,22
1778,南沙时代,21
1779,大岗兴业花园,1
1780,滨海水晶湾,3
1781,中大城,25
1782,南沙云山诗意,8
1783,星河山海湾,3
1784,皇家花园,12
1785,双晖轩小区,8
1786,海棠花园(南沙),4
1787,越秀滨海御城,3
1788,富佳花园,5
1789,富力伯爵山,2
1790,潭洲博爱商场,1
1791,南沙涉外公馆,33
1792,南沙大都汇,38
1793,长江数码花园(南沙),1
1794,南沙湾石奥,5
1795,东平雅筑,1
1796,南沙・富力唐宁,2
1797,星河壹号公馆,2
1798,大岗翡翠蓝湾东区,5
1799,辉达楼,1
1800,南沙裕兴花园,1
1801,保利星海小镇,3
1802,名苑别墅,7
1803,敏捷君御国际,54
1804,紫茗花园,3
1805,中海联南沙国贸中心,10
1806,美福花园,8
1807,悠山时光,3
1808,瀚成华府,3
1809,尖沙咀花园一期,1
1810,奥园中环广场,19
1811,华汇国际广场,16
1812,大岗绿庭雅苑,1
1813,环城北路,1
1814,富港花园,1
1815,中央郡,1
1816,富华居,1
1817,香江国际金融中心,8
1818,大岗瑞华大厦,1
1819,誉名苑,1
1820,真功夫总部大楼,1
1821,越秀滨海汇,1
1822,南沙玫瑰花园,1
1823,金山谷尚层,2
1824,芳华花园洛湖居,17
1825,亚运城媒体南村,28
1826,禺丰园一期,1
1827,丽江花园丽影楼,8
1828,珠江花园,20
1829,雅居乐锦官城雍容南台,16
1830,广州雅居乐花园浅山小筑,3
1831,祈福新村倚湖湾,3
1832,丽江花园德汇楼,5
1833,华荟明苑,9
1834,华南新城,20
1835,华荟南景园,10
1836,亚运城媒体北村,12
1837,滨江绿园,20
1838,星誉花园,5
1839,东方白云花园,22
1840,锦绣香江花园第8期,2
1841,美心翡翠明庭,9
1842,番中宿舍,1
1843,东怡新区东雅园,12
1844,侨宫苑,14
1845,广州奥林匹克花园,34
1846,亚运城运动员村一区,6
1847,锦绣银湾,20
1848,锦绣半岛,13
1849,万科欧泊,13
1850,百事佳花园,5
1851,侨基花园,21
1852,东怡新区东景园,6
1853,东晖园,5
1854,江南大厦,4
1855,广地花园,24
1856,锦绣香江花园紫荆园,2
1857,祈福新村都市活力花园,2
1858,金沙湾花园,8
1859,广州星河湾赏心园,13
1860,东怡新区东倩园,6
1861,|海花@,7
1862,锦绣香江花园山水园,6
1863,广州雅居乐花园剑桥郡,27
1864,番禺海伦堡御院,14
1865,华南碧桂园岭御苑,7
1866,自在城市花园一二期,14
1867,鸿城花园,16
1868,庄士映蝶蓝湾,6
1869,锦绣香江花园山水华府,12
1870,新月明珠花园,10
1871,南国奥林匹克花园,40
1872,番禺海伦堡花样年华一期,6
1873,富庭华园,6
1874,保利亚奥北苑,25
1875,广州雅居乐花园十年小雅,16
1876,祈福水城,11
1877,江南新村,27
1878,华筑翡翠湾,1
1879,金沙湾花园金沙御苑,5
1880,锦绣半岛西区,16
1881,华南碧桂园翠山蓝天苑,5
1882,东华花园,16
1883,丽江花园丽茹楼,3
1884,富豪山庄,8
1885,钟村商贸城,2
1886,金海岸花园聚湖,2
1887,雍逸华庭,3
1888,昊龙花园南区,3
1889,绿茵庭园,5
1890,广州雅居乐花园花巷,5
1891,尚上名筑二期,12
1892,丽江花园丽茵楼,4
1893,海滨花园,29
1894,自在城市花园三期诺德名都,5
1895,广州雅居乐花园一尺山居,3
1896,广州星河湾朗心园,5
1897,鸿禧华庭,7
1898,广州雅居乐花园雅逸庭,13
1899,敏建锦绣世家,5
1900,金山谷九期,1
1901,广州星河湾星座,15
1902,珊瑚湾畔,6
1903,华侨城(番禺),27
1904,祈福缤纷汇,15
1905,金山谷四期,7
1906,番禺华景新城,7
1907,广州雅居乐花园雅翠庭,6
1908,祈福新村C区,17
1909,金海岸花园金石碧苑,4
1910,祈福新村迎风阁,5
1911,万科金色城品,9
1912,三堂路,4
1913,尚东尚筑,13
1914,海天花园,1
1915,祈福新村海晴居,11
1916,锦绣生态园趣园,10
1917,祈福新村D区,3
1918,汇景大道,1
1919,西兴苑,6
1920,宝翠苑,2
1921,丽江花园星海洲,9
1922,丽江花园华林居,12
1923,水韵蓝湾南区,7
1924,海龙湾,22
1925,尚上名筑一区,14
1926,亚运城天誉,19
1927,亚运城技术官员村,12
1928,北丽园,19
1929,大北路,5
1930,番禺海伦堡花样年华二期,3
1931,丽江花园左岸,8
1932,祈福新村康怡居,13
1933,祈福新村青怡居,15
1934,富丽家园宾至路,2
1935,越秀可逸阳光,8
1936,金业花园,3
1937,恒生花园,2
1938,丽景华苑一期,1
1939,番禺奥林匹克花园,9
1940,广州碧桂园雅苑,12
1941,中环品悦,10
1942,富丽家园三和大厦,1
1943,广州星河湾畅心园,3
1944,锦绣香江花园紫荆雅园,4
1945,亚运城天荟,11
1946,悦尚公馆,5
1947,星海园,4
1948,美心翠拥华庭一期,8
1949,顺德碧桂园芷兰湾,11
1950,富华花园,5
1951,今日丽舍,11
1952,富庭东园,3
1953,东信华庭,3
1954,东湖洲花园1区,9
1955,华南新城江山颐景茗苑,2
1956,融穗澜湾,2
1957,奥园城市天地,10
1958,祈福新村绿怡居,5
1959,广州碧桂园华苑,3
1960,祈福新村倚湖湾二期,2
1961,锦绣生态园,20
1962,香缤豪庭,6
1963,保利大都汇,9
1964,广州星河湾荟心园,12
1965,金山谷八期,1
1966,广州碧桂园锦苑,4
1967,番禺海伦堡,1
1968,东方花园3区,2
1969,吉祥楼,4
1970,如意花园,6
1971,温馨里,2
1972,丽江花园九如通津,4
1973,祈福新村活力花园,1
1974,广州雅居乐花园雅悦庭,3
1975,桥福园,12
1976,富丽家园丽水湾,14
1977,鑫隆世家,6
1978,东瀚园,4
1979,丽江花园丽荃楼,2
1980,康裕园,8
1981,顺德碧桂园东苑,8
1982,广州雅居乐花园时光九篇,4
1983,祈福新村倚云居,9
1984,华南碧桂园碧翠苑,5
1985,锦绣半岛金月湾,10
1986,华南碧桂园翠云山,17
1987,美心东苑,4
1988,侨联社区新城区,3
1989,大发大厦,5
1990,美心苑,1
1991,东逸豪园,2
1992,海滨大厦,2
1993,富丽家园百佳楼,3
1994,广州星河湾逸心园,3
1995,石城市花园,8
1996,祈福新村蝶舞轩,6
1997,敏捷华美国际,30
1998,康富花园,9
1999,南苑大厦,2
2000,北城白云花园,4
2001,康乐园,6
2002,桥虹花园,2
2003,敏捷御峰国际,17
2004,富丽广场,18
2005,西城花园,16
2006,华发明苑,1
2007,江南花苑,3
2008,康裕大厦,6
2009,吉祥北园,13
2010,富丽家园朝阳西路,2
2011,银都大厦,4
2012,锦绣华庭,3
2013,富丽家园福宁园,10
2014,朗陶居,10
2015,富宾星悦国际,5
2016,雄峰城,1
2017,珑翠,1
2018,瑞和园,2
2019,西丽大厦,3
2020,彩虹花园东区,2
2021,氮肥厂宿舍,1
2022,怡乐园(番禺),11
2023,富华园,4
2024,广华苑,6
2025,番艺花园,7
2026,金城花园,24
2027,广州碧桂园翠苑,7
2028,番禺海伦堡流金岁月,2
2029,瑞华苑,6
2030,裕福花园,8
2031,富丽家园富昌花园,5
2032,华海大厦,4
2033,禺华园,6
2034,祈福新村山泉居,6
2035,鸿基花园,2
2036,荷悦居,2
2037,祈福新村A区,3
2038,东方花园又一村,6
2039,祈福新村翠湖居,6
2040,丽江花园德荫楼,4
2041,祈福新村月明轩,10
2042,鸣翠苑,6
2043,康裕北苑,3
2044,锦绣香江花园布查特国际公寓,1
2045,莲港城,2
2046,沙湾怡景苑,4
2047,富丽居,1
2048,德安新村,1
2049,璇玑金村,3
2050,环城中路,1
2051,石楼碧桂园,2
2052,尚东数字居,4
2053,富丽家园富宜居,1
2054,裕丰新村,7
2055,华南碧桂园翠宏台,4
2056,倚莲半岛花园,8
2057,丽江花园康城居,6
2058,广州碧桂园福苑,4
2059,保利公馆2010亚奥南苑,2
2060,恒盛苑,1
2061,华南碧桂园景翠苑,1
2062,海愉苑,1
2063,金海岸花园皇玛,2
2064,祈福新村晓峰园,8
2065,南浦海滨花园,4
2066,康泰苑,6
2067,保利香逸花园,3
2068,雅居乐锦官城星汇,3
2069,东湖洲花园3区,1
2070,南天名苑,1
2071,中海蓝湾,1
2072,华怡居,2
2073,富庭雅园北区,2
2074,富丽家园锦华楼,2
2075,银苑大厦(番禺),1
2076,东沙小区,6
2077,富丽家园,3
2078,德福楼,1
2079,平康路,4
2080,信基城,1
2081,华南碧桂园翡翠苑,4
2082,东涌路,4
2083,海印又一城海印星h,5
2084,柏丽甜果公馆,6
2085,敏捷伊顿公馆,6
2086,美心花园,12
2087,芳华花园洛涛居南区,12
2088,广州雅居乐花园雕刻时光,1
2089,白沙路,1
2090,金晖苑(番禺区),1
2091,芳华花园洛涛居北区,4
2092,荷景花园一区,7
2093,尚贤坊,2
2094,富丽家园金山大厦,4
2095,丽景阁,4
2096,迎辉楼,1
2097,长江数码花园(番禺),1
2098,金沙丽水,2
2099,洛溪长大公司,8
2100,祈福新村湖景居,5
2101,富庭雅园南区,1
2102,金海御苑,6
2103,新世纪花园,4
2104,利安大厦,2
2105,丹桂园,3
2106,华南碧桂园芳翠苑,2
2107,富丽家园富丽楼,2
2108,繁华路,9
2109,南浦长大公司,1
2110,石桥新村,7
2111,光辉大厦,1
2112,星晨时代豪庭,4
2113,广州碧桂园美苑,3
2114,喜盈雅境,5
2115,奥园养生广场,4
2116,丽江花园德泽楼,4
2117,敏捷上城商务中心,5
2118,华南碧桂园漾翠苑,4
2119,富丽家园福安园,1
2120,锦绣花园南区,6
2121,亚运城运动员村二区,3
2122,绿庭雅苑,4
2123,越秀可逸江畔,3
2124,广州雅居乐花园新地沁园,2
2125,东兴苑,1
2126,富丽家园桔芳园,6
2127,番禺监狱宿舍,1
2128,德丰园,5
2129,顺德碧桂园彩云居,5
2130,江南商住城,2
2131,东骏苑,6
2132,映月翠庭,3
2133,东平苑,3
2134,税务综合楼,1
2135,丽江花园如英居,2
2136,莲花山高尔夫别墅,1
2137,广州碧桂园丽苑,6
2138,康泰花园(番禺区),2
2139,吉祥道,2
2140,江山帝景,2
2141,广州星河湾悦心园,5
2142,华南碧桂园叠翠苑,2
2143,广州雅居乐花园邻居,1
2144,丽江花园丽岛翠苑,1
2145,广州星河湾盛荟园,1
2146,东怡新区东裕园,2
2147,星河湾半岛一号园,2
2148,广州碧桂园绿茵苑,1
2149,海怡花园,4
2150,盛会国际公寓,1
2151,时代外滩,5
2152,富丽家园福泰园,2
2153,金山谷,3
2154,广州星河湾星苑,4
2155,太子花园,1
2156,星河湾半岛三号园,2
2157,莲花别墅,4
2158,清华坊,2
2159,珠殿苑,4
2160,雅居乐城南源著,2
2161,信业悦都荟,4
2162,顺景苑(番禺区),2
2163,北桥路,1
2164,东晟明珠花园,1
2165,植村五路东一区,1
2166,丽江花园棕榈滩,1
2167,东湖洲花园2区,1
2168,锦绣香江花园布查特官邸,1
2169,环城西路(市桥),2
2170,尚上名筑三期,4
2171,鸿福花园(番禺),1
2172,祺康园,2
2173,福景园,2
2174,信联大厦,1
2175,西华园,2
2176,大西路,2
2177,招商城市主场,4
2178,广州碧桂园秀苑,1
2179,禺雅园,9
2180,富丽家园豪景楼,1
2181,东圆新村,4
2182,顺景路一横街,2
2183,富丽家园华贵大厦,3
2184,东方花园又一居,2
2185,禺丰园二期,1
2186,华丰大厦,1
2187,富丽家园莲芳园,3
2188,园丰小区,2
2189,金口岸大厦,1
2190,万丰路,3
2191,富丽家园朝阳东路,4
2192,富丽家园富泽居,2
2193,翠怡轩,2
2194,丽景花园,4
2195,豪景大厦,1
2196,振兴北路,1
2197,平康苑,1
2198,康城水郡,6
2199,裕林苑,1
2200,德兴园,3
2201,清河西路,1
2202,广州碧桂园康苑,2
2203,番禺职业技术学院教工住宅小区,3
2204,怡居新村,9
2205,金利大厦,1
2206,光明北路241号大院,1
2207,盈翠苑,3
2208,西秀园,4
2209,富丽家园永达大厦,1
2210,景辉苑,1
2211,雅居乐七里海,2
2212,富都华苑,1
2213,荷景花园六区,2
2214,鑫润花园,6
2215,丽景华苑二期,2
2216,富丽家园乳芳园,6
2217,东秀园,5
2218,富华中路,2
2219,富丽家园永富楼,2
2220,东逸华庭,1
2221,如意中心,6
2222,广州碧桂园乐苑,3
2223,富丽家园侨苑,2
2224,星汇文华,1
2225,祈福新村E区,3
2226,富丽家园百乐园,5
2227,番禺人民医院宿舍,2
2228,嘉裕华庭,1
2229,禺秀园,1
2230,建桥大厦,3
2231,如意二马路,3
2232,美心翠拥华庭二期,3
2233,方圆大学时光,4
2234,君华香柏御府,1
2235,市桥东环路,2
2236,富都城,6
2237,番禺海伦堡花样年华三期,1
2238,荷景花园雅荷居,3
2239,富丽家园东发楼,1
2240,祈福新村天湖居,1
2241,北城雍雅园,2
2242,富丽家园香江商业大厦,1
2243,大东路,1
2244,东方花园2区,1
2245,昊龙花园北区,1
2246,番禺奥林匹克花园爱巢,1
2247,东翠园,1
2248,番禺海伦堡国际公寓,3
2249,丽江花园丽彦楼,4
2250,光明南路,2
2251,亚运城运动员村三区,1
2252,广州星河湾怡心园,1
2253,东发大厦,2
2254,恒盛花园,2
2255,金晖明园,1
2256,彩虹花园彩虹楼,1
2257,亚华阁,1
2258,荔园地产中心,2
2259,盛恒家园,1
2260,同创誉城,1
2261,奥园广场,1
2262,柏丽星寓,1
2263,彩晴轩,2
2264,来福苑,1
2265,信业尚誉,2
2266,富丽家园渝达大厦,1
2267,祈福新村翠怡居,4
2268,时代倾城(番禺区),2
2269,百福园,1
2270,富华西路,1
2271,瀚御居,1
2272,番山市场,3
2273,丽江花园丽波楼,1
2274,中华大道翠园西,1
2275,上轩,1
2276,华进明苑,1
2277,石楼东环路,1
2278,市桥大南路,1
2279,祈福新村祈福名都,2
2280,旭晖园,1
2281,水韵蓝湾北区,1
2282,番禺万达广场,1
2283,荷景花园丽景居,1
2284,荷景花园二区,4
2285,金海岸花园观海,2
2286,工业路,2
2287,一品灏景,1
2288,汇景邮电宿舍,1
2289,美心商贸城,1
2290,锦绣花园北区,1
2291,南兴花园(番禺区),1
2292,富丽家园百丰楼,1
2293,江丽苑(番禺区),1
2294,金悦大厦,1
2295,喜运楼,1
2296,置业广场,1
2297,旭景家园,10
2298,华景新城芳满庭园,4
2299,德荣小区,8
2300,华建大厦,3
2301,隽园,1
2302,历德雅舍,5
2303,华江花园,7
2304,体育西苑,3
2305,华颖轩,5
2306,天誉华庭,4
2307,都市华庭(天河),10
2308,豪景花园,28
2309,富力天朗明居,11
2310,加拿大花园,30
2311,中海康城,4
2312,美林湖畔花园誉府,1
2313,东方之珠花园,8
2314,领峰园,3
2315,星汇雅苑,1
2316,东成花苑,4
2317,中海Z晖华庭,3
2318,跑马地花园三期,13
2319,天力居,8
2320,天一新村,31
2321,沙和路,2
2322,广厦居,1
2323,华景新城叠翠居,1
2324,仙湖名苑,7
2325,福金莲花园,2
2326,海景花园,1
2327,华港花园,3
2328,东方新世界,6
2329,建业路华翠街,6
2330,隽峰苑,7
2331,天鹅花苑,32
2332,嘉尚国际公寓,5
2333,棠德花园,138
2334,润华大厦,2
2335,鸿景园,2
2336,翠屏富通雅苑,2
2337,云宁居,21
2338,侨源山庄,15
2339,华师大学宿舍北区,1
2340,羊城花园,23
2341,穗园小区,3
2342,华建小区,4
2343,骏景花园,38
2344,美林海岸花园,4
2345,翰林苑(天河),9
2346,绿佳花园,14
2347,南兴花园(天河区),13
2348,银兰苑,3
2349,贤人阁,5
2350,瑞心苑,9
2351,金燕花园,33
2352,昌乐园,11
2353,福龙苑,4
2354,橡树园,69
2355,西雅苑,2
2356,美好居,7
2357,育龙居,7
2358,珠江俊园,1
2359,华南理工大学宿舍南新村,2
2360,兰亭荟苑,1
2361,峻林,1
2362,老干中心大院,3
2363,海外宿舍,5
2364,东园小区,6
2365,陶苑小区,15
2366,天河直街远洋宿舍,1
2367,恒康阁,6
2368,春江花园,14
2369,东圃广场,5
2370,金海花园,5
2371,汇友苑,5
2372,广州体育学院,1
2373,中铁盛德国际,6
2374,粤韵庭园,3
2375,天雅居,11
2376,铂林国际公寓,10
2377,穗茵园,6
2378,天河鸿运花园,7
2379,水利电力学院,2
2380,诚居花园,3
2381,时代花生二期,13
2382,天信大厦,5
2383,中兴花园,14
2384,保利林海山庄,14
2385,乐雅苑,7
2386,五华大厦,1
2387,时代花生一期,11
2388,天龙大厦,1
2389,华景新城信华花园,14
2390,华景新城陶然庭园,3
2391,理想蓝堡国际花园,2
2392,党校房改,1
2393,隆德大厦,3
2394,粤和楼,2
2395,城市假日园,3
2396,兰亭上东,4
2397,瑜翠园,13
2398,富丽花苑,3
2399,华景新城逸雅居,3
2400,翠湖山庄,8
2401,半山雍景苑,8
2402,华景新城雅景园,1
2403,阳光桃源,3
2404,都市兰亭花园,11
2405,广信惠兰阁,1
2406,富力院士庭,13
2407,侨乐新村,27
2408,龙湖首开天宸原著,1
2409,花园大厦,2
2410,东方都会广场,5
2411,天逸名都,3
2412,漾晴居,1
2413,理想青年荟,5
2414,金鼎大厦,1
2415,易丰大厦,4
2416,花生寮,5
2417,南天广场,3
2418,纵横白领公寓,4
2419,鸿翔大厦,5
2420,员村二横路11号大院,6
2421,建丽花园,19
2422,星辰财富港,3
2423,员村四横路2号大院,2
2424,汇富花园,6
2425,华景新城逸宁居,2
2426,九洲海誉居,4
2427,阳光家园(天河),25
2428,万科云城米酷,18
2429,盈彩美居,3
2430,东荣文华轩,9
2431,乐意居花园,54
2432,天河广场,6
2433,远洋明苑,12
2434,阳光假日园,2
2435,中强雅苑,2
2436,天河峰景大厦,8
2437,佳润上品菁园,3
2438,金穗大厦,3
2439,丰乐苑,3
2440,华景新城华门阁,5
2441,天河东路,2
2442,保利心语花园,6
2443,嘉裕礼顿阳光,6
2444,金润大厦,1
2445,华南御景园,16
2446,领汇国际公寓,3
2447,东Z花园,4
2448,东河苑,3
2449,赛拉维,9
2450,嘉诚国际公寓,12
2451,濂泉西路95号大院,6
2452,雅怡阁,10
2453,边检宿舍,1
2454,广海花园,13
2455,中海观园国际,3
2456,华文学院,7
2457,暨南大学宿舍,4
2458,龙口东路翠竹苑,1
2459,伟诚广场,11
2460,海景中心,15
2461,新燕花园,12
2462,华颖花园,9
2463,园田居,1
2464,天隆花苑,2
2465,五山花园,8
2466,龙口小区,3
2467,远洋明珠大厦,5
2468,金田花苑,2
2469,广东工业大学五山教师村,3
2470,汇峰苑,5
2471,穗东花园,7
2472,金兴花园,15
2473,金建苑,11
2474,珠委大院,2
2475,园丁苑,1
2476,勤天E品上馆,19
2477,富力花园,8
2478,珠江太阳城广场,5
2479,方圆月岛,3
2480,侨英花园,7
2481,广州大道省府宿舍,2
2482,天晟明苑,5
2483,银利新村,1
2484,天华苑,3
2485,信成小区,6
2486,暨南花园,10
2487,星汇云锦,5
2488,芳草园,2
2489,隆基怡苑,11
2490,东方新世界熹园,2
2491,汇景新城世家,1
2492,帝景苑,11
2493,阳光都会广场,3
2494,泰然居,1
2495,东晖花园,3
2496,环宇花园,15
2497,华南理工大学宿舍南秀村,2
2498,翠拥华庭锋尚,2
2499,东方花苑,4
2500,嘉怡花苑,3
2501,跑马地花园,7
2502,天誉花园,7
2503,誉城苑,4
2504,龙吟居,1
2505,雅怡居,8
2506,星汇国际大厦,1
2507,南国嘉园,1
2508,百脑汇科技大厦,7
2509,天惠大厦,2
2510,中怡城市花园,7
2511,广弘天琪,5
2512,银汇华庭银汇大厦,1
2513,聚龙阁,1
2514,泰安花园,3
2515,天河北苑,18
2516,广州大道中,1
2517,华景新城鸿景楼,1
2518,天诚广场,1
2519,广东高等教育出版社,1
2520,时尚明苑,3
2521,劳动局宿舍,1
2522,华师大学宿舍高教新村,2
2523,力迅上筑,2
2524,广信红棉阁,2
2525,天荣小区,1
2526,省工艺大院,2
2527,慧仪楼,2
2528,富力公园28,16
2529,陶庄公安宿舍,4
2530,海景大厦,8
2531,朝晖苑,3
2532,天成大厦,2
2533,侨景大厦,1
2534,富力盈盛广场,9
2535,水务局三防办,7
2536,名门大厦,5
2537,天河山庄,14
2538,利雅湾,6
2539,上社规划局宿舍设计院,1
2540,南雅苑,8
2541,广氮新村,6
2542,瘦狗岭路9号大院,4
2543,吉祥花苑,3
2544,消防局宿舍,9
2545,育蕾小区,2
2546,君林天下,17
2547,长运大院,3
2548,天河新作,3
2549,东圃法院宿舍,5
2550,长兴小区,5
2551,龙岗路,8
2552,天翔花园,1
2553,华景新城逸意居,1
2554,华景新城翠安侬苑,2
2555,希尔顿阳光,1
2556,汇景新城中央庭院,3
2557,南华工商学院,1
2558,华景新城建宇轩,1
2559,名雅苑,3
2560,儒林大街远洋宿舍,1
2561,广之旅大厦,6
2562,惠苑楼,2
2563,风行牛奶宿舍,6
2564,嘉逸花园,25
2565,侨林苑,1
2566,鸿燕居,13
2567,中惠・睿元,1
2568,汇景新城龙熹山,3
2569,誉峰,4
2570,联发名苑,7
2571,广梅汕宿舍,1
2572,长讯实业大厦,1
2573,粤海丽江花园,2
2574,正佳万豪金殿,4
2575,云山翠苑,7
2576,兴禺大厦,11
2577,汇豪大厦,2
2578,龙口花苑,1
2579,百合苑B区,7
2580,天立大厦,2
2581,嘉裕君h公馆,5
2582,国土测绘院大院,2
2583,燕塘广场,3
2584,黄埔大道中锦明街,7
2585,耀星华庭,3
2586,天銮,3
2587,天平花苑,9
2588,佳润临江上品,6
2589,力达广场,3
2590,中达广场,12
2591,合景睿峰L7,8
2592,河源大厦,3
2593,员村新村,3
2594,珠光新城国际中心,1
2595,华苑大厦,11
2596,天河军休三所,1
2597,伍仙花园B区,4
2598,翠雅苑,6
2599,紫林居,6
2600,燕塘工业园小区,2
2601,保利香槟花园,5
2602,丽晶华庭,3
2603,中人集团宿舍,8
2604,富力新村,15
2605,龙口东路,4
2606,华南理工大学宿舍,3
2607,广州第75中学教师宿舍,1
2608,华翰大厦,2
2609,保利世纪绿洲二期,2
2610,牧业大厦,1
2611,嘉宝华庭,1
2612,远洋天骄,12
2613,馨怡花苑,3
2614,民政局大院,2
2615,壹号公馆,1
2616,中海花城湾,1
2617,嘉裕公馆,2
2618,帝景山庄,1
2619,君紫花园,4
2620,江源半岛花园,2
2621,昌乐居,1
2622,白水塘,1
2623,尚东君御雅苑,1
2624,侨苑小区(天河区),5
2625,华景新城怡景园,1
2626,叠翠台,1
2627,华景新城怡华台,1
2628,水荫一横路,4
2629,华景公安宿舍,2
2630,穗乐花园,6
2631,东圃书城,1
2632,广环大厦,2
2633,广利路,1
2634,保利中辰广场,1
2635,凯旋新世界枫丹丽舍,1
2636,水荫路永福正街,1
2637,天润大厦,4
2638,骏汇大厦,3
2639,汇景新城棕榈园,3
2640,侨兴苑,1
2641,公园御景,1
2642,富力天河华庭,1
2643,天寿大厦,1
2644,天河区军队离退休干部第二休养所,1
2645,金晖花园,3
2646,半山溪谷E墅,3
2647,中信广场,6
2648,集装箱宿舍,1
2649,广园东路,4
2650,岑村公安宿舍,5
2651,观山苑,4
2652,御华苑,3
2653,牛利岗公安宿舍,3
2654,公路局大院,6
2655,燕东大厦,5
2656,半山翠庭,5
2657,侨翠苑,10
2658,沙太南路,1
2659,交委宿舍,6
2660,侨明苑,3
2661,高德公馆,3
2662,金庭轩,3
2663,侨源新村,15
2664,祥兴大厦,1
2665,棠利大厦,5
2666,天雅阁,1
2667,星汇园,1
2668,华标广场,1
2669,佛奥广场,1
2670,沙和路沙东大街,1
2671,先烈东横路,2
2672,春晖苑(天河),4
2673,金泽大厦,1
2674,康湖山庄,5
2675,113中学宿舍,1
2676,侨乐新村嘉德利湾,6
2677,华景新城翡翠居,2
2678,物资局大院,14
2679,光华大厦,5
2680,棠雅苑,4
2681,富信广场,7
2682,嘉惠苑,1
2683,建华路(天河区),2
2684,农工商学院,6
2685,银燕大厦,6
2686,天明苑,3
2687,华康小区,3
2688,一汽宿舍,4
2689,尚德大厦,2
2690,先烈东路,5
2691,林和苑,1
2692,东圃中学宿舍,1
2693,五山税务局宿舍,1
2694,华南理工大学宿舍东秀村,1
2695,燕岭公安局宿舍,7
2696,金坤花园,9
2697,恒城大厦,4
2698,五羊宿舍,1
2699,中山三院宿舍,3
2700,喜洋居,2
2701,龙珠楼,5
2702,长福路,5
2703,林和西路,1
2704,紫荆小区,1
2705,易通大厦,2
2706,东圃公安宿舍,2
2707,圃兴路远洋宿舍,2
2708,海棠阁,1
2709,冠庭园,9
2710,建材小区,1
2711,富力盈力大厦,3
2712,药检宿舍,2
2713,双城国际公寓,1
2714,康乐大厦,1
2715,南国花园,1
2716,怡苑,2
2717,邮通小区,2
2718,太阳广场,1
2719,利汇名悦大厦,1
2720,迎翠春庭,5
2721,财富世纪广场,1
2722,天河新天地,2
2723,广本宿舍,2
2724,水荫四横路,2
2725,中山大学第六附属医院宿舍,1
2726,高胜花园,5
2727,融达领寓,3
2728,振东花园,9
2729,瑞安・创逸,1
2730,富力盈丰大厦,2
2731,先烈东横路11号大院,2
2732,润寿小区,1
2733,荟雅苑,1
2734,金碧翡翠华庭,4
2735,省粮油宿舍,1
2736,同乐花苑,2
2737,瑞华大厦,4
2738,天利居,4
2739,远洋小区,1
2740,天韵阁,2
2741,瑞达大厦,2
2742,碧海湾,4
2743,保利中汇广场,1
2744,广东省新闻出版局宿舍,3
2745,侨怡苑,1
2746,德欣小区,3
2747,省水科院,1
2748,天盛大厦,2
2749,龙洞公安宿舍,2
2750,华荣楼,3
2751,五星阁,5
2752,茶景园,4
2753,省农科院中区,1
2754,广东省公路勘察规划设计院宿舍,2
2755,棠下远洋宿舍,2
2756,先烈东二横路,1
2757,石牌东路,5
2758,天文苑,3
2759,农垦总局,2
2760,泰然楼,2
2761,锦华轩,1
2762,保利世纪绿洲一期,3
2763,鸿发广场,2
2764,星海音乐学院,1
2765,东圃大马路,1
2766,广州市信息工程职业学校,1
2767,员村西街3号大院,1
2768,福泉楼,2
2769,伍仙花园A区,3
2770,华南理工大学宿舍北区,1
2771,岳洲路,9
2772,东华居,2
2773,濂泉居,1
2774,金园大厦,3
2775,先烈东二横路11号大院,1
2776,银利花苑,2
2777,水荫公安局宿舍,2
2778,安骏大厦,2
2779,翠华苑,2
2780,天平架集装箱宿舍,1
2781,育兰小区,1
2782,禺东西路,3
2783,广深铁路物业公司广园东住宅小区,3
2784,财政局宿舍,1
2785,电子宿舍,2
2786,绿怡居,1
2787,枫华苑,1
2788,兴华公安宿舍,4
2789,广东科贸职业学院,2
2790,燕岭大厦宿舍,2
2791,华天国际广场,1
2792,华南理工大学宿舍凤凰新村,2
2793,天河星作,5
2794,中南小区,1
2795,君怡大厦,1
2796,员村公安宿舍,4
2797,华景新城怡翠居,1
2798,恒安大厦,3
2799,燕塘大院,2
2800,汇景新城维纶特莱,1
2801,广信牡丹阁,1
2802,德埔小区,1
2803,源泉广场,1
2804,保利中宇广场,5
2805,城管大楼,1
2806,天顺跃居,1
2807,东洲大厦,7
2808,云华楼,5
2809,尚东美御,5
2810,华景新城绿茵居,1
2811,聚侨苑,1
2812,龙口中路,2
2813,暨大教工宿舍,1
2814,天河路,2
2815,富景花苑,6
2816,电视台小区,3
2817,富力东山新天地,3
2818,广梅汕铁路大厦,1
2819,沙河顶,1
2820,白马花园,1
2821,天工大厦,2
2822,电子五所宿舍,1
2823,远东大厦,2
2824,发源楼,2
2825,民族学院宿舍,1
2826,二棉厂宿舍,1
2827,龙岗东小区,1
2828,卫生院宿舍,1
2829,冠军小区,1
2830,华景新城龙门阁,1
2831,华师大学宿舍南区,1
2832,东成花园,1
2833,天寿路,2
2834,钢铁研究所,3
2835,广东外语职业艺术学院五山校区,2
2836,华南农业大学宿舍茶山区,1
2837,省机械研究所,1
2838,高科大厦,1
2839,恒大B睿,3
2840,文化大院,3
2841,恒达苑,1
2842,龙苑大厦,3
2843,生态环境与土壤研究所,1
2844,明轩,1
2845,丰兴广场,1
2846,车陂街社区服务综合大楼,1
2847,广信汇景大厦,4
2848,嘉富广场,7
2849,华侨乐园,11
2850,淘金大厦,12
2851,水荫直街,14
2852,先烈中路81号大院,21
2853,机关宿舍,4
2854,德政中路,18
2855,海印苑,11
2856,鸿业大厦,1
2857,流花雅轩,2
2858,纸行路,3
2859,东雅轩,7
2860,东湖御苑,3
2861,福今路,1
2862,水荫路,15
2863,骏朗轩,1
2864,麓苑路,4
2865,金悦东山国际公馆,11
2866,峻峰大厦,1
2867,联发名阁,4
2868,东鸣轩,6
2869,华侨新村,8
2870,御东和府,9
2871,共和苑,3
2872,金濠大厦,3
2873,东风广场,13
2874,海珠中路,10
2875,科技馆大院,1
2876,辉煌大厦,7
2877,威力达大厦,1
2878,Z泰大厦,4
2879,印象东山,2
2880,铁路宿舍大院,1
2881,淘金家园二三期,11
2882,解放北路(越秀区),6
2883,淘金北路,9
2884,碧翠苑,9
2885,锦城花园,9
2886,中山三路,20
2887,朝天路,6
2888,天锦大厦,4
2889,共和西小区,2
2890,明华轩,2
2891,东川路,7
2892,永怡新都,2
2893,华业大厦,2
2894,东方文德广场,9
2895,梅花村,5
2896,好世界公寓,4
2897,执信南路,9
2898,大新路,10
2899,太和岗路22号大院,1
2900,达道路,4
2901,麓雅居,3
2902,麓湖御景,9
2903,永福楼,18
2904,西华路,57
2905,庙前西街,3
2906,嘉骏苑,5
2907,海运小区,2
2908,水均岗,10
2909,中山四路,8
2910,金麓山庄,10
2911,黄花新村,10
2912,农林华府,1
2913,逸雅居,5
2914,淘金路,12
2915,广信豪景大厦,1
2916,五羊小区,7
2917,小北路,10
2918,农林上路四横路1号大院,1
2919,福莱花园,3
2920,起义路,2
2921,德兴苑,10
2922,东兴小区,7
2923,淘金华庭,3
2924,都府小区,5
2925,淘金东路,1
2926,淘金雅苑,3
2927,人民北路,6
2928,东山领汇广场,4
2929,深华大厦,2
2930,瑶台花园,5
2931,东盛大厦,3
2932,百灵路,1
2933,黄田小区,4
2934,锦源国际公寓,7
2935,东湖路,2
2936,万科金色家园,1
2937,竹丝岗大马路,4
2938,富力御龙庭,7
2939,淘金家园oZ,6
2940,东风西路,13
2941,文德广场,2
2942,狮带岗,5
2943,地质大院,3
2944,广信愉景大厦,1
2945,君汇世家,1
2946,恒福路,3
2947,润粤大厦,7
2948,东华市场北街,1
2949,下塘新村,9
2950,荣庆大厦,2
2951,方凯华庭,3
2952,爱群荟景湾,4
2953,翰林阁,2
2954,广园西路,10
2955,东山欣园,1
2956,北站路,3
2957,盈泽苑,6
2958,水荫路34号大院,4
2959,大新大厦,4
2960,富华商贸大厦,4
2961,正佳东方国际,18
2962,邮电新村青龙坊,1
2963,江湾298,5
2964,天伦花园,2
2965,粤港大厦,3
2966,海中宝大厦,2
2967,时代YOU公寓,9
2968,环市东路,14
2969,区庄村,3
2970,东环大厦,2
2971,东方广场,8
2972,广工大院,3
2973,宝山大厦,3
2974,广怡大厦,3
2975,环市东路466号大院,3
2976,先烈南路青菜东街,2
2977,海珠北路,16
2978,嘉和苑,8
2979,东华南路白云楼,4
2980,农林下路,4
2981,流花广场,1
2982,署前路,3
2983,麓湖大厦,1
2984,富宏花园,7
2985,东湖新村,4
2986,建设二马路,7
2987,德安大厦,5
2988,德政北路,8
2989,广州煤研所宿舍,1
2990,广信华景大厦,1
2991,华秀苑,7
2992,东华东路,7
2993,东华西路,13
2994,置地大厦,3
2995,粤虹大厦,1
2996,恒仕大厦,3
2997,瑶泉新苑,4
2998,雍雅园,5
2999,恒华阁,2
3000,冠城大厦,3
3001,文德先生,7
3002,北京路,7
3003,波尔多庄园,9
3004,富力东堤湾,1
3005,大南路,4
3006,府前铭泰,5
3007,东山雅筑,1
3008,恒福阁,4
3009,锦桦大厦锦桦荟,1
3010,洛桑美地,11
3011,豪贤路,8
3012,珠光小北御景,3
3013,淘金家园一期,3
3014,中曦大厦,2
3015,越秀上品轩,6
3016,环市中路,6
3017,名门越秀,3
3018,兴城大厦,2
3019,顺景大厦,4
3020,保利中环广场,18
3021,黄华路,5
3022,惠福西路,13
3023,恒福路35号大院,1
3024,兰亭Z濠,2
3025,龙湖大厦,1
3026,建雅台,7
3027,国利大厦,1
3028,仓边路,14
3029,麓苑路35号大院,2
3030,恒鑫御园,2
3031,群星大厦,1
3032,方圆越秀时光,3
3033,惠爱大厦,2
3034,东风东路,4
3035,农林东路,1
3036,文德雅轩,5
3037,国龙大厦,2
3038,骏文雅苑,1
3039,水荫翠院,1
3040,先烈中路102号大院,3
3041,金帼大厦,1
3042,东海嘉园,4
3043,海印花园,3
3044,矿泉大厦,1
3045,广东省药物研究所甜水横巷分所,3
3046,越华路,2
3047,走马岗海关大院,1
3048,圣安苑,14
3049,天胜村,4
3050,竹丝岗新南路,1
3051,云鹤园,5
3052,竹丝岗二马路,8
3053,解放中路,15
3054,三荣大厦,7
3055,观湖雅轩,3
3056,金迪大厦,2
3057,先烈中路,6
3058,东园新村,1
3059,东华市场东华东路,1
3060,北京大厦,2
3061,桂花岗,20
3062,烟墩路,2
3063,云泉新村,1
3064,越富广场,8
3065,八旗二马路,2
3066,华逸阁,1
3067,康丽居,3
3068,建苑小区,1
3069,麓湖阁,4
3070,丽华大厦,2
3071,华盛居,1
3072,米市路,4
3073,湛塘路,3
3074,走马岗小区,1
3075,花园新村,6
3076,大沙头路,5
3077,惠福东路,2
3078,华悦居,3
3079,陶瓷大厦,2
3080,永胜华庭,8
3081,悦湖阁,5
3082,铁路大院,1
3083,明泉花园,2
3084,净慧路,3
3085,德政轩,1
3086,鸿福居,4
3087,达道西路,2
3088,房建大厦,3
3089,雅景阁,3
3090,金地大厦,4
3091,岭南会,1
3092,金润铂宫,15
3093,惠怡楼,2
3094,侨福苑,1
3095,尚峰酒店公寓,3
3096,建设大马路,2
3097,竹丝岗四马路,3
3098,大德路,19
3099,华友大厦,1
3100,新河浦雅居,1
3101,永福路永福西约,14
3102,星河苑,10
3103,h秀轩,1
3104,珠江园,2
3105,海鹰大厦,6
3106,富力宜居,2
3107,瑶台公安宿舍,4
3108,御江苑,7
3109,丰景大厦,3
3110,海平阁,1
3111,中山一路,1
3112,教工新村,2
3113,下塘西路,4
3114,金宝怡庭,2
3115,东风东路754号大院,1
3116,盘福路,4
3117,广发花园,1
3118,仓边路35号大院,1
3119,都市晴川,3
3120,区庄公安宿舍,1
3121,大东门华庭,7
3122,雅景花园,2
3123,帝景大厦,2
3124,淘金花园,13
3125,嘉颐居,2
3126,越秀北路,3
3127,东山水恋,1
3128,羊城商厦,3
3129,东华南路,7
3130,豪贤苑,2
3131,长堤大马路,4
3132,东兴南小区,1
3133,应元路,2
3134,湖滨苑,3
3135,东南大厦,1
3136,景华大厦,1
3137,东湖西路,1
3138,天兴大厦,2
3139,鸿瑞大厦,1
3140,越华大厦,1
3141,洪荫小区,1
3142,福地轩,1
3143,华顺大厦,5
3144,菜园东,1
3145,侨力大厦,4
3146,海日苑,4
3147,二沙岛花城苑,1
3148,天字广场,1
3149,东环路4号大院,1
3150,永福路89号大院,2
3151,培正新横路,1
3152,君铂国际,2
3153,海印集团中心,2
3154,东华市场新河浦路,1
3155,金山阁,2
3156,广九三马路7号大院,1
3157,光孝路,2
3158,安利大厦,3
3159,椰诚阁,3
3160,华美苑小区,2
3161,共和路,2
3162,花果山社区,5
3163,东兴大厦,3
3164,寺贝楼,3
3165,广州机务段,1
3166,富兴阁,1
3167,华乐大厦,1
3168,均益大厦,2
3169,横枝岗56号大院,5
3170,广东商业大厦,1
3171,竹丝岗二马路7号大院,4
3172,农林上路二横路,1
3173,聚贤阁,2
3174,大南居,1
3175,华逸锦轩,2
3176,北秀花园,3
3177,丽日广场,2
3178,大德大厦,4
3179,金羊花园,1
3180,东川大厦,1
3181,东湖广场,1
3182,五羊华轩,2
3183,文德北路,1
3184,浩和大厦,1
3185,海印大厦,6
3186,东环路6号大院,2
3187,小北大厦,3
3188,精彩生活大厦,2
3189,回龙路,1
3190,广大路,1
3191,诗书路,1
3192,越秀南路,2
3193,光塔路,15
3194,麓景路,1
3195,五号公馆,3
3196,丽苑大厦(越秀区),1
3197,花果山庄,1
3198,一德花园,1
3199,文星阁,5
3200,白云路,3
3201,广信怡景大厦,1
3202,伟业阁,1
3203,丽景台,3
3204,羊和园,1
3205,盈基大厦,3
3206,美东大厦,6
3207,仰忠街11号大院,2
3208,教师宿舍,2
3209,粤康阁,1
3210,富临居,1
3211,乐韵居,2
3212,东贤里小区东关汛,2
3213,清水塘小区,1
3214,统战部大院,2
3215,六榕路,3
3216,小东园,1
3217,韫祥楼,1
3218,麓湖路3号大院,3
3219,寺贝通津1号大院,1
3220,广东国际大厦,3
3221,三木国际公寓,3
3222,捷登都会,1
3223,民间金融大厦,15
3224,中庸金寓,1
3225,广德路,1
3226,广医小区,2
3227,泰康城广场,2
3228,竹怡居,1
3229,省政协宿舍,1
3230,东越雅居,4
3231,明月二路,1
3232,锦绣联合商务大厦,2
3233,越秀花苑大厦,1
3234,北较场横路,4
3235,新悦楼(越秀区),4
3236,利福大厦,2
3237,仁济路,2
3238,龟岗大马路,2
3239,南油大厦,1
3240,东山锦轩,1
3241,菜园西,1
3242,俊逸阁,3
3243,东风中路,1
3244,力迅商务大厦,1
3245,北站路北站新街,1
3246,德雅轩,1
3247,农林上路一横路,1
3248,寺右一马路,1
3249,穗安楼,1
3250,仓前大厦,2
3251,幸福小区,1
3252,麓湖盛景,4
3253,电台大院,1
3254,恒福苑,1
3255,农林上路八横路,1
3256,三元里大道洪荫街,2
3257,房管局宿舍,2
3258,文德路,1
3259,伟超置业大厦,2
3260,金湾畔大厦,1
3261,德意居,1
3262,德政南路,3
3263,淘金坑,3
3264,万福路,2
3265,广州卫生厅大院,1
3266,意达大厦,1
3267,银山大厦,3
3268,越兴苑,1
3269,竹丝村,2
3270,瑞兴大厦,2
3271,南方永福国际大厦,1
3272,粮食局宿舍,1
3273,先烈南路,1
3274,万艺广场,2
3275,爱家园,2
3276,东山华庭,1
3277,东华市场塘罗涌街,1
3278,南越雅轩,1
3279,麓苑阁,1
3280,建设三马路,1
3281,名品居,1
3282,北较场路,1
3283,敏捷锦绣天伦,58
3284,碧桂园城市花园花岸苑,88
3285,保利东江首府,38
3286,中森茗苑,13
3287,广州海伦堡,74
3288,东方名都,69
3289,锦绣新天地,83
3290,翡翠绿洲育才阳光苑,5
3291,新塘新世界花园万象苑,42
3292,新康花园,33
3293,碧桂园凤凰城凤仪苑,23
3294,碧桂园凤凰城凤馨苑,63
3295,海伦春天,29
3296,城市家园二期,11
3297,富雅名居,10
3298,翡翠绿洲湖滨苑,10
3299,碧桂园凤凰城凤晴苑,19
3300,尚东阳光雅苑,38
3301,翡翠绿洲森林半岛,36
3302,金泽豪庭,42
3303,新都盛世名门,56
3304,亚太新城亚太银座一期,1
3305,汇东国际花园,63
3306,碧桂园城市花园漫绿苑,65
3307,中国铁建国际花园,30
3308,现代城市花园,10
3309,仁安花园,15
3310,惠百氏广场,6
3311,碧桂园凤凰城凤妍苑,28
3312,金色港湾,15
3313,恒展江山时代花园,18
3314,汇美体育花园,12
3315,锦绣半山御景,17
3316,嘉骏豪苑,22
3317,假日花园,4
3318,丰泰城市公馆,10
3319,金马香颂居,15
3320,群星花园,4
3321,新都盛世名门宏城汇,24
3322,豪进山湖BZ,52
3323,亚太新城亚太银座二期,6
3324,新景豪庭,22
3325,新塘新世界花园嘉华苑,6
3326,亚太新城富群苑,2
3327,翡翠绿洲湖绣苑,9
3328,敏捷莱茵花园,16
3329,保利中航城一期,2
3330,广州敏捷绿湖首府,15
3331,景新国际名城,8
3332,碧桂园凤凰城凤凰名苑,2
3333,水电广场,6
3334,碧桂园琥珀湾,1
3335,碧桂园映象,10
3336,景新豪苑,3
3337,合生湖山国际,10
3338,雅居乐三千院,2
3339,恒大山水城,40
3340,锦绣御景国际四期,6
3341,城市家园一期,10
3342,碧桂园豪园荔湖苑,4
3343,中坚豪庭,3
3344,碧桂园凤凰城凤锦苑,26
3345,新利大厦,3
3346,增城时代廊桥,3
3347,群星新,5
3348,富雅都市华庭,4
3349,碧桂园豪园星湖苑,9
3350,保利壹号公馆,9
3351,金龙居,1
3352,公园里（春晓花园）,1
3353,美景阁,4
3354,翡翠绿洲克拉邻里,4
3355,碧桂园中新首府,18
3356,百晟汇翠湾,6
3357,太阳城巧克力,14
3358,增城雅居乐御宾府,5
3359,合汇・中央广场,3
3360,开园中路,1
3361,顺欣广场,7
3362,顺欣花园,8
3363,三江盛汇,11
3364,时代倾城(增城区),10
3365,碧桂园凤凰城凤岭苑,7
3366,海日中心,3
3367,碧桂园凤凰城凤天苑,15
3368,新塘新世界花园嘉乐苑,2
3369,碧桂园凤凰城凤盈苑,22
3370,西福蓝湾,1
3371,亚太新城富华苑,1
3372,合汇学府名郡,2
3373,力诚凯怡湾,13
3374,金地荔湖城,1
3375,金地荔湖城水立坊,5
3376,林业局小区,1
3377,新塘新世界花园,2
3378,合景誉山国际,2
3379,东凌广场,17
3380,锦绣御景国际一期,3
3381,锦绣御景国际三期,2
3382,富国路,1
3383,顶好大厦,4
3384,金河湾家园,5
3385,汇景名苑,1
3386,太平洋花园,3
3387,金泽华庭,7
3388,翡翠绿洲湖翠苑,9
3389,景新花园,3
3390,碧桂园凤凰城凤凰岛,2
3391,翠岗路,2
3392,翡翠绿洲泊郡,1
3393,荔城花园,3
3394,岭秀苑,2
3395,欧亚公馆,5
3396,荔兴路,4
3397,雅陶居商住楼,2
3398,锦绣御景苑一二期,3
3399,时代天启,1
3400,碧桂园豪园林湖苑,6
3401,碧桂园豪园翠湖苑,5
3402,金地荔湖城公园上城,6
3403,金时花园,5
3404,誉峰江畔花园,4
3405,锦绣银苑,3
3406,荔富V,1
3407,敏捷锦绣星辰,3
3408,碧桂园荔园,1
3409,荔富湖畔,2
3410,碧桂园豪进广场,2
3411,塘园中路,1
3412,美业阁,6
3413,摩托车市场,1
3414,水电二局宿舍,4
3415,碧桂园豪园荔山苑,1
3416,荔兴花园,2
3417,创基丽江国际,2
3418,汇港威华国际,1
3419,锦绣御景国际二期,10
3420,银城花园,1
3421,侨建御溪谷北区,1
3422,同创滨江,2
3423,敏捷锦绣星河,1
3424,商业大厦生活小区,2
3425,新塘新世界花园嘉怡苑,2
3426,岗前路,1
3427,富城花园,1
3428,园圃路,1
3429,亚太新城富丽园,3
3430,新康花园康馨苑,1
3431,敏捷锦绣广场,1
3432,景江大厦,6
3433,康宁居,1
3434,中贸国际,1
3435,碧桂园豪园挂绿湖,1
3436,景观花园,1
3437,嘉汇四季阳光,3
3438,碧桂园豪园鹤鸣苑,7
3439,南山丰景,1
3440,荔城尚东,2
3441,新塘广场,2
3442,开园路,1
3443,泰富广场,3
3444,山水大厦小区,1
3445,沙园路(增城),1
3446,汇美农商行宿舍,1
3447,金竹家园,1
